Date,S,I,R,D,p_SI,p_IR,p_ID
2020-03-02,265185518,2,0,0,7.541889976058196e-09,0.0,0.0
2020-03-03,265185518,2,0,0,0.0,0.0,0.0
2020-03-04,265185518,2,0,0,0.0,0.0,0.0
2020-03-05,265185518,2,0,0,0.0,0.0,0.0
2020-03-06,265185516,4,0,0,7.5418900329383e-09,0.0,0.0
2020-03-07,265185516,4,0,0,0.0,0.0,0.0
2020-03-08,265185514,6,0,0,7.541890089818405e-09,0.0,0.0
2020-03-09,265185501,19,0,0,4.902228798700424e-08,0.0,0.0
2020-03-10,265185493,25,2,0,3.016756274823827e-08,0.08,0.0
2020-03-11,265185486,31,2,1,2.6396618101489915e-08,0.0,0.03225806451612903
2020-03-12,265185486,31,2,1,0.0,0.0,0.0
2020-03-13,265185451,63,2,4,1.3198310792698806e-07,0.0,0.047619047619047616
2020-03-14,265185424,83,8,5,1.0181555076722467e-07,0.07228915662650602,0.012048192771084338
2020-03-15,265185403,104,8,5,7.918987908998897e-08,0.0,0.0
2020-03-16,265185386,121,8,5,6.410609670624912e-08,0.0,0.0
2020-03-17,265185348,158,9,5,1.4329600140653322e-07,0.006329113924050633,0.0
2020-03-18,265185293,197,11,19,2.074021503145727e-07,0.01015228426395939,0.07106598984771574
2020-03-19,265185211,269,15,25,3.092178469937375e-07,0.01486988847583643,0.022304832713754646
2020-03-20,265185151,320,17,32,2.2625701240715397e-07,0.00625,0.021875
2020-03-21,265185070,392,20,38,3.0544706004753586e-07,0.007653061224489796,0.015306122448979591
2020-03-22,265185006,437,29,48,2.4134094519657724e-07,0.020594965675057208,0.02288329519450801
2020-03-23,265184941,500,30,49,2.451119575451307e-07,0.002,0.002
2020-03-24,265184835,600,30,55,3.9972119823518567e-07,0.0,0.01
2020-03-25,265184730,701,31,58,3.9595040031151115e-07,0.0014265335235378032,0.0042796005706134095
2020-03-26,265184627,780,35,78,3.884086387858373e-07,0.005128205128205128,0.02564102564102564
2020-03-27,265184474,913,46,87,5.769568545706036e-07,0.012048192771084338,0.009857612267250822
2020-03-28,265184365,994,59,102,4.110347908331624e-07,0.013078470824949699,0.015090543259557344
2020-03-29,265184235,1107,64,114,4.902252202134112e-07,0.004516711833785004,0.01084010840108401
2020-03-30,265184106,1217,75,122,4.864544936188596e-07,0.009038619556285949,0.00657354149548069
2020-03-31,265183992,1311,81,136,4.298902024221734e-07,0.004576659038901602,0.010678871090770405
2020-04-01,265183843,1417,103,157,5.618743522017666e-07,0.015525758645024701,0.014820042342978124
2020-04-02,265183730,1508,112,170,4.261196567376136e-07,0.005968169761273209,0.008620689655172414
2020-04-03,265183534,1671,134,181,7.391107473513042e-07,0.013165769000598444,0.006582884500299222
2020-04-04,265183428,1751,150,191,3.9972331906049573e-07,0.009137635636778984,0.0057110222729868645
2020-04-05,265183247,1911,164,198,6.825468880392735e-07,0.007326007326007326,0.003663003663003663
2020-04-06,265183029,2090,192,209,8.220737232773671e-07,0.013397129186602871,0.005263157894736842
2020-04-07,265182782,2313,204,221,9.314330219222152e-07,0.005188067444876783,0.005188067444876783
2020-04-08,265182564,2494,222,240,8.220751647910004e-07,0.007217321571772253,0.007618283881315156
2020-04-09,265182227,2761,252,280,1.2708242321232185e-06,0.010865628395508874,0.014487504527345164
2020-04-10,265182008,2924,282,306,8.258478833149193e-07,0.010259917920656635,0.008891928864569083
2020-04-11,265181678,3229,286,327,1.2444298659276151e-06,0.0012387736141220192,0.006503561474140601
2020-04-12,265181279,3509,359,373,1.5046311018056444e-06,0.02080364776289541,0.01310914790538615
2020-04-13,265180963,3778,380,399,1.1916390845899447e-06,0.00555849655902594,0.006881948120698782
2020-04-14,265180681,3954,426,459,1.063425883577092e-06,0.01163378856853819,0.015174506828528073
2020-04-15,265180384,4221,446,469,1.1199923445317885e-06,0.004738213693437574,0.002369106846718787
2020-04-16,265180004,4472,548,496,1.4329888915757011e-06,0.022808586762075134,0.006037567084078712
2020-04-17,265179597,4796,607,520,1.5348088789802332e-06,0.012301918265221017,0.0050041701417848205
2020-04-18,265179272,5082,631,535,1.2255859877313488e-06,0.004722550177095631,0.0029515938606847697
2020-04-19,265178945,5307,686,582,1.233129575954833e-06,0.010363670623704541,0.008856227623892972
2020-04-20,265178760,5423,747,590,6.976426015416921e-07,0.011248386501936198,0.0014751982297621243
2020-04-21,265178385,5677,842,616,1.41414240832638e-06,0.016734190593623393,0.004579883741412718
2020-04-22,265178102,5870,913,635,1.0672072764137968e-06,0.012095400340715502,0.0032367972742759796
2020-04-23,265177745,6168,960,647,1.3462668219009103e-06,0.007619974059662775,0.0019455252918287938
2020-04-24,265177309,6520,1002,689,1.6441829115929373e-06,0.006441717791411043,0.006441717791411043
2020-04-25,265176913,6845,1042,720,1.4933426727084647e-06,0.005843681519357195,0.004528853177501826
2020-04-26,265176638,7032,1107,743,1.0370445981745949e-06,0.009243458475540386,0.003270762229806598
2020-04-27,265176424,7180,1151,765,8.070099022075959e-07,0.006128133704735376,0.003064066852367688
2020-04-28,265176009,7484,1254,773,1.5649982876090424e-06,0.013762693746659541,0.0010689470871191875
2020-04-29,265175749,7596,1391,784,9.804818162312422e-07,0.01803580832016851,0.0014481305950500263
2020-04-30,265175402,7804,1522,792,1.3085678286253714e-06,0.016786263454638645,0.0010251153254741158
2020-05-01,265174969,8160,1591,800,1.6328841354554848e-06,0.008455882352941176,0.000980392156862745
2020-05-02,265174677,8347,1665,831,1.101160952861272e-06,0.008865460644542949,0.0037139091889301546
2020-05-03,265174328,8471,1876,845,1.316115336775738e-06,0.02490851139180734,0.0016526974383189706
2020-05-04,265173933,8769,1954,864,1.489588345020323e-06,0.008894970920287376,0.0021667236857110276
2020-05-05,265173449,9002,2197,872,1.8252204427902584e-06,0.0269940013330371,0.0008886914019106865
2020-05-06,265173082,9226,2317,895,1.3840017140201281e-06,0.013006720138738348,0.0024929546932581834
2020-05-07,265172744,9465,2381,930,1.274640805466794e-06,0.0067617538298996305,0.0036978341257263604
2020-05-08,265172408,9675,2494,943,1.2671001577207837e-06,0.011679586563307493,0.0013436692506459949
2020-05-09,265171875,10079,2607,959,2.010017087973602e-06,0.011211429705327909,0.001587459073320766
2020-05-10,265171488,10361,2698,973,1.459432923648262e-06,0.00878293601003764,0.0013512209246211756
2020-05-11,265171255,10393,2881,991,8.786774418667664e-07,0.017608005388242087,0.001731934956220533
2020-05-12,265170771,10679,3063,1007,1.8252388759694785e-06,0.017042794269126322,0.0014982676280550613
2020-05-13,265170082,11123,3287,1028,2.5983323412782292e-06,0.020138451856513532,0.0018879798615481435
2020-05-14,265169514,11445,3518,1043,2.142026024907222e-06,0.02018348623853211,0.001310615989515072
2020-05-15,265169024,11617,3803,1076,1.8478779783870986e-06,0.02453301196522338,0.0028406645433416543
2020-05-16,265168495,12025,3911,1089,1.9949579605978455e-06,0.008981288981288981,0.001081081081081081
2020-05-17,265168006,12237,4129,1148,1.8441138785046339e-06,0.017814823894745445,0.004821443164174225
2020-05-18,265167510,12495,4324,1191,1.8705157355062088e-06,0.015606242496998799,0.003441376550620248
2020-05-19,265167024,12808,4467,1221,1.8328070838853627e-06,0.011164896939412867,0.0023422860712054966
2020-05-20,265166331,13372,4575,1242,2.613453968256626e-06,0.00807657792402034,0.0015704457074483997
2020-05-21,265165358,14046,4838,1278,3.66940843004085e-06,0.018724191940766053,0.0025630072618539087
2020-05-22,265164724,14413,5057,1326,2.3909666053467956e-06,0.015194615971692223,0.0033303267883161036
2020-05-23,265163775,15145,5249,1351,3.578920235239523e-06,0.012677451304060746,0.001650709805216243
2020-05-24,265163249,15497,5402,1372,1.983683643882339e-06,0.00987287862166871,0.001355100987287862
2020-05-25,265162770,15717,5642,1391,1.8064376081151965e-06,0.015270089711777056,0.0012088821021823504
2020-05-26,265162355,15870,5877,1418,1.5650788740354941e-06,0.014807813484562067,0.0017013232514177694
2020-05-27,265161669,16321,6057,1473,2.5871009282265455e-06,0.011028735984314687,0.003369891550762821
2020-05-28,265160982,16802,6240,1496,2.5908789250146915e-06,0.010891560528508511,0.0013688846565885014
2020-05-29,265160304,17204,6492,1520,2.5569438176537918e-06,0.014647756335735876,0.0013950244129272262
2020-05-30,265159747,17185,7015,1573,2.1006204987818155e-06,0.030433517602560373,0.0030840849578120453
2020-05-31,265159047,17552,7308,1613,2.6399250107427033e-06,0.016693254329990883,0.0022789425706472195
2020-06-01,265158580,17662,7637,1641,1.7612102161657374e-06,0.018627561997508774,0.0015853244253198958
2020-06-02,265157971,17951,7935,1663,2.2967440794001247e-06,0.016600746476519414,0.001225558464709487
2020-06-03,265157287,18129,8406,1698,2.579600989807985e-06,0.02598047327486348,0.0019306084174527001
2020-06-04,265156702,18205,8892,1721,2.206242556147044e-06,0.02669596264762428,0.0012633891787970338
2020-06-05,265155999,18308,9443,1770,2.651269451384353e-06,0.03009613283810356,0.002676425606292331
2020-06-06,265155006,18806,9907,1801,3.744979266957532e-06,0.024672976709560777,0.001648410081888759
2020-06-07,265154334,18837,10498,1851,2.5343730568628004e-06,0.031374422678770504,0.002654350480437437
2020-06-08,265153487,19246,10904,1883,3.194376244427817e-06,0.021095292528317572,0.0016626831549412864
2020-06-09,265152445,19738,11414,1923,3.929814790129504e-06,0.025838484142263654,0.002026547775863816
2020-06-10,265151204,20228,12129,1959,4.680348349464783e-06,0.03534704370179949,0.0017797112912794147
2020-06-11,265150225,20659,12636,2000,3.692246536845292e-06,0.02454136211820514,0.001984607192990948
2020-06-12,265149114,21145,13213,2048,4.190095087400518e-06,0.0272877748876803,0.0022700401986285174
2020-06-13,265148100,21553,13776,2091,3.824277828126998e-06,0.026121653598106993,0.0019950818911520438
2020-06-14,265147243,21612,14531,2134,3.232166362748113e-06,0.034934295761613915,0.0019896353877475476
2020-06-15,265146226,21973,15123,2198,3.835619368762956e-06,0.0269421562827106,0.0029126655440768214
2020-06-16,265145120,22466,15703,2231,4.17130060700344e-06,0.025816789815721535,0.0014688863171013976
2020-06-17,265144089,22912,16243,2276,3.88845176178904e-06,0.023568435754189945,0.001964036312849162
2020-06-18,265142758,23625,16798,2339,5.01993722189463e-06,0.02349206349206349,0.0026666666666666666
2020-06-19,265141717,24081,17349,2373,3.926202227920248e-06,0.02288110958847224,0.00141190149910718
2020-06-20,265140491,24717,17883,2429,4.623963678184484e-06,0.021604563660638426,0.0022656471254602095
2020-06-21,265139629,25022,18404,2465,3.251117168908764e-06,0.02082167692430661,0.0014387339141555431
2020-06-22,265138675,25610,18735,2500,3.598117098533437e-06,0.012924638812963686,0.0013666536509176104
2020-06-23,265137624,26120,19241,2535,3.963979099397828e-06,0.019372128637059723,0.001339969372128637
2020-06-24,265136511,26778,19658,2573,4.197837543392883e-06,0.015572484875644185,0.0014190753603704534
2020-06-25,265135333,27118,20449,2620,4.443014013526443e-06,0.029168817759421786,0.001733166162696364
2020-06-26,265134093,27411,21333,2683,4.676878729435977e-06,0.03224982671190398,0.002298347378789537
2020-06-27,265132708,28183,21909,2720,5.223799094602843e-06,0.020437852606181032,0.0013128481708831565
2020-06-28,265131510,28320,22936,2754,4.518512341290554e-06,0.03626412429378531,0.0012005649717514125
2020-06-29,265130428,28487,23800,2805,4.081010271669007e-06,0.03032962403903535,0.0017902903078597255
2020-06-30,265129135,28703,24806,2876,4.876868775662848e-06,0.03504860119151308,0.002473609030414939
2020-07-01,265127750,29241,25595,2934,5.223896781834417e-06,0.026982661331691804,0.0019835162956123253
2020-07-02,265126126,29740,26667,2987,6.125386526411207e-06,0.03604572965702757,0.0017821116341627439
2020-07-03,265124825,30091,27568,3036,4.907122522381674e-06,0.029942507726562758,0.0016283938719218371
2020-07-04,265123378,30834,28219,3089,5.457836313476664e-06,0.02111305701498346,0.0017188817539080237
2020-07-05,265121771,31473,29105,3171,6.06136566581701e-06,0.02815111365297239,0.0026054078098687763
2020-07-06,265120562,31798,29919,3241,4.560189488433568e-06,0.025599094282659288,0.0022013963142335996
2020-07-07,265119294,32132,30785,3309,4.782752627577531e-06,0.026951325781152745,0.002116270384663264
2020-07-08,265117441,33135,31585,3359,6.989355332529782e-06,0.024143654745737136,0.001508978421608571
2020-07-09,265114784,34668,32651,3417,1.002207406132432e-05,0.030748817353178724,0.0016730125764393678
2020-07-10,265113173,35349,33529,3469,6.076650140655214e-06,0.024838043509010158,0.0014710458570256584
2020-07-11,265111502,35764,34719,3535,6.303008309311302e-06,0.03327368303321776,0.0018454311598255228
2020-07-12,265109821,36455,35638,3606,6.340768492314738e-06,0.025209161980523934,0.0019476066383212179
2020-07-13,265108539,36636,36689,3656,4.8357552149612205e-06,0.028687629653892346,0.0013647778141718527
2020-07-14,265106948,37226,37636,3710,6.001351575289532e-06,0.025439209154891743,0.001450599043679149
2020-07-15,265105426,37247,39050,3797,5.741112216994004e-06,0.037962788949445596,0.0023357585845839935
2020-07-16,265103852,37450,40345,3873,5.937295848873595e-06,0.03457943925233645,0.0020293724966622163
2020-07-17,265102390,37339,41834,3957,5.514850318776832e-06,0.03987787567958435,0.002249658533972522
2020-07-18,265100638,37598,43268,4016,6.6088109527673035e-06,0.03814032661311772,0.0015692324059790414
2020-07-19,265098999,36977,45401,4143,6.182595959179763e-06,0.057684506585174565,0.0034345674338102064
2020-07-20,265097306,36998,46977,4239,6.386334231551942e-06,0.042596897129574575,0.0025947348505324613
2020-07-21,265095651,37083,48466,4320,6.243029614997343e-06,0.04015316991613408,0.002184289296982445
2020-07-22,265093769,37037,50255,4459,7.099374712198535e-06,0.0483030483030483,0.003753003753003753
2020-07-23,265091863,36917,52164,4576,7.189960410063586e-06,0.05171059403526831,0.003169271609285695
2020-07-24,265090102,36808,53945,4665,6.643024340456137e-06,0.04838622038687242,0.0024179526189958703
2020-07-25,265088234,37218,55354,4714,7.046710341734745e-06,0.03785802568649578,0.0013165672524047504
2020-07-26,265086742,37342,56655,4781,5.628346362188117e-06,0.03484012639922875,0.0017942263403138558
2020-07-27,265085217,37292,58173,4838,5.752867011063842e-06,0.04070578140083664,0.0015284779577389252
2020-07-28,265083469,36611,60539,4901,6.594149407332526e-06,0.06462538581300702,0.0017207942967960449
2020-07-29,265081088,37319,62138,4975,8.982157188067675e-06,0.04284680725635735,0.0019829041507007155
2020-07-30,265079184,36986,64292,5058,7.182759397659833e-06,0.0582382523116855,0.0022440923592710756
2020-07-31,265077144,37338,65907,5131,7.6958728663532e-06,0.04325352188119342,0.0019551127537629225
2020-08-01,265075584,36824,67919,5193,5.885113885102296e-06,0.05463827938301108,0.0016836845535520312
2020-08-02,265074065,37244,68975,5236,5.730473858315788e-06,0.02835356030501557,0.001154548383632263
2020-08-03,265072386,37595,70237,5302,6.334118862158656e-06,0.03356829365607129,0.0017555526000797978
2020-08-04,265070464,37618,72050,5388,7.250902160113924e-06,0.0481950130256792,0.0022861396140145675
2020-08-05,265068649,37530,73889,5452,6.847282795786235e-06,0.04900079936051159,0.001705302424726885
2020-08-06,265066767,37587,75645,5521,7.100097916084667e-06,0.04671828025647165,0.0018357410806927926
2020-08-07,265064294,38076,77557,5593,9.329811883301038e-06,0.05021535875617187,0.0018909549322407816
2020-08-08,265062017,38539,79306,5658,8.590442439740432e-06,0.045382599444718334,0.001686603181193077
2020-08-09,265060124,38721,80952,5723,7.1417758787436466e-06,0.04250923271609721,0.0016786756540378607
2020-08-10,265058437,39082,82236,5765,6.364634225923546e-06,0.03285399928355765,0.0010746635279668389
2020-08-11,265056744,39242,83710,5824,6.3873115411091e-06,0.03756179603486061,0.0015034911574333622
2020-08-12,265054802,39017,85798,5903,7.326786707301383e-06,0.05351513442858241,0.0020247584386293154
2020-08-13,265052704,39290,87558,5968,7.91540689205721e-06,0.0447951132603716,0.0016543649783659965
2020-08-14,265050397,39484,89618,6021,8.704005072665483e-06,0.05217303211427413,0.001342315874784723
2020-08-15,265048052,40076,91321,6071,8.847452310270139e-06,0.042494260904281864,0.0012476295039425091
2020-08-16,265045971,40296,93103,6150,7.851468151538135e-06,0.04422275163787969,0.001960492356561445
2020-08-17,265044150,40705,94458,6207,6.870553453075648e-06,0.03328829382139786,0.0014003193710846334
2020-08-18,265042477,40460,96306,6277,6.312195761738221e-06,0.045674740484429065,0.0017301038062283738
2020-08-19,265040575,39942,98657,6346,7.176259710423583e-06,0.058860347503880625,0.0017275048820790146
2020-08-20,265038309,40119,100674,6418,8.549707431162338e-06,0.0502754305939829,0.0017946608838704853
2020-08-21,265036112,39917,102991,6500,8.2894364221582e-06,0.0580454442969161,0.002054262594884385
2020-08-22,265034022,39706,105198,6594,7.88578003770399e-06,0.05558353901173626,0.002367400392887725
2020-08-23,265031985,39355,107500,6680,7.685864783452457e-06,0.05849320289670944,0.002185236945750222
2020-08-24,265030108,37593,111060,6759,7.08221422148762e-06,0.09469848110020483,0.0021014550581225228
2020-08-25,265027661,38134,112867,6858,9.232998513313673e-06,0.04738553521791577,0.002596108459642314
2020-08-26,265025355,37812,115409,6944,8.701054282145948e-06,0.06722733523749075,0.002274410240135407
2020-08-27,265022636,37245,118575,7064,1.0259501003529375e-05,0.08500469861726406,0.003221908981071285
2020-08-28,265019633,37818,120900,7169,1.1331235976770068e-05,0.061478660955100746,0.002776455656036808
2020-08-29,265016325,39132,122802,7261,1.2482249914226981e-05,0.04860472247776756,0.002351017070428294
2020-08-30,265013467,40525,124185,7343,1.0784357611532247e-05,0.03412708204811844,0.0020234423195558296
2020-08-31,265010724,41420,125959,7417,1.0350524531980827e-05,0.04282955094157412,0.0017865765330758088
2020-09-01,265007949,42009,128057,7505,1.0471384011201867e-05,0.049941679163988666,0.002094789211835559
2020-09-02,265004874,43059,129971,7616,1.1603560166972627e-05,0.044450637497387306,0.002577858287466035
2020-09-03,265001252,44463,132055,7750,1.3667859954110707e-05,0.046870431594809164,0.003013741762814025
2020-09-04,264997983,45524,134181,7832,1.2335942949422373e-05,0.04670064141991038,0.0018012476935242948
2020-09-05,264994855,46324,136401,7940,1.1804002760732846e-05,0.04792332268370607,0.0023314048873154304
2020-09-06,264991411,47509,138575,8025,1.2996647653610177e-05,0.04575975078406197,0.0017891346902692122
2020-09-07,264988531,48207,140652,8130,1.086839490423078e-05,0.04308502914514489,0.002178106913933661
2020-09-08,264985485,48847,142958,8230,1.1494969243315347e-05,0.04720863103158843,0.0020472086310315885
2020-09-09,264982178,49806,145200,8336,1.2480084604029483e-05,0.04501465686865036,0.00212825763964181
2020-09-10,264978317,51237,147510,8456,1.4571003558755338e-05,0.045084606827097605,0.002342057497511564
2020-09-11,264974580,52179,150217,8544,1.4103239639062736e-05,0.05187910845359244,0.0016865022326989785
2020-09-12,264970774,53638,152458,8650,1.4363848293698987e-05,0.04178008128565569,0.0019762108952608225
2020-09-13,264967138,54649,155010,8723,1.3722456405141079e-05,0.046698018261999305,0.00133579754432835
2020-09-14,264963997,54277,158405,8841,1.1854440737471211e-05,0.06254951452733203,0.0021740332000663265
2020-09-15,264960490,55000,161065,8965,1.3235935667238538e-05,0.048363636363636366,0.0022545454545454544
2020-09-16,264956527,55792,164101,9100,1.4957170690873375e-05,0.05441640378548896,0.002419701749354746
2020-09-17,264952892,56720,166686,9222,1.3719419979005173e-05,0.04557475317348378,0.002150916784203103
2020-09-18,264949001,56409,170774,9336,1.4685845144968107e-05,0.07247070502933929,0.0020209541030686592
2020-09-19,264944833,56889,174350,9448,1.5731576844904917e-05,0.062859252228023,0.0019687461547926665
2020-09-20,264940844,57796,177327,9553,1.5056191185078282e-05,0.0515087549311371,0.0018167347221260987
2020-09-21,264936668,58378,180797,9677,1.5762257567155635e-05,0.05944020007537086,0.0021240878413100826
2020-09-22,264932597,58788,184298,9837,1.5366172551428242e-05,0.0595529699938763,0.0027216438728992313
2020-09-23,264928132,59453,187958,9977,1.685362730749938e-05,0.06156123324306595,0.002354801271592687
2020-09-24,264923498,60064,191853,10105,1.749184211662493e-05,0.06484749600426212,0.002131060202450719
2020-09-25,264918675,60431,196196,10218,1.820558705421579e-05,0.07186708808393043,0.0018699012096440569
2020-09-26,264914181,61628,199403,10308,1.6963984272325536e-05,0.052038034659570326,0.0014603751541507107
2020-09-27,264910307,61813,203014,10386,1.4623817562523153e-05,0.05841813210813259,0.0012618704803196738
2020-09-28,264906798,61379,206870,10473,1.3246168186291693e-05,0.06282278955343033,0.0014174228970820638
2020-09-29,264902796,61686,210437,10601,1.5107428311175697e-05,0.05782511428849334,0.0020750251272574002
2020-09-30,264898512,61321,214947,10740,1.617223127323569e-05,0.07354739811809984,0.002266760163728576
2020-10-01,264894338,61839,218487,10856,1.5757226188805894e-05,0.05724542764274972,0.0018758388719093129
2020-10-02,264890021,63187,221340,10972,1.629732967554863e-05,0.0451516925949958,0.0018358206593128334
2020-10-03,264886014,63399,225052,11055,1.5127261494447948e-05,0.058549819397782296,0.0013091689143361882
2020-10-04,264882022,63894,228453,11151,1.507086049048659e-05,0.05322878517544683,0.001502488496572448
2020-10-05,264878400,63274,232593,11253,1.3674199179699062e-05,0.06542971836773398,0.0016120365394948952
2020-10-06,264874344,63365,236437,11374,1.5312921360175222e-05,0.06066440463978537,0.0019095715300244615
2020-10-07,264869806,63951,240291,11472,1.7132945685775902e-05,0.06026489030664102,0.0015324232615596316
2020-10-08,264864956,64924,244060,11580,1.831121818924207e-05,0.058052492144661454,0.0016634834575811718
2020-10-09,264860862,65314,247667,11677,1.5457172377548177e-05,0.05522552592093579,0.001485133355788958
2020-10-10,264856568,65706,251481,11765,1.6212548672759363e-05,0.05804644933491614,0.00133929930295559
2020-10-11,264852071,66578,255027,11844,1.6979289544615265e-05,0.05326083691309442,0.0011865781489380878
2020-10-12,264848804,66262,258519,11935,1.2335339826567613e-05,0.05269988832211524,0.001373336150433129
2020-10-13,264844898,65299,263296,12027,1.474825465582501e-05,0.07315579105346177,0.001408903658555261
2020-10-14,264840771,64742,267851,12156,1.558294814056405e-05,0.07035618300330543,0.0019925241728707796
2020-10-15,264836360,63231,273661,12268,1.6655567989229274e-05,0.09188530942101185,0.001771283073176132
2020-10-16,264832059,63570,277544,12347,1.6240480915492183e-05,0.06108227151171936,0.0012427245556079912
2020-10-17,264827758,63739,281592,12431,1.62407446729961e-05,0.06350899763096378,0.0013178744567690112
2020-10-18,264823653,64032,285324,12511,1.5500881260028538e-05,0.05828335832083958,0.0012493753123438282
2020-10-19,264820280,63380,289243,12617,1.2736939935264776e-05,0.061833385926159674,0.0016724518775639004
2020-10-20,264816678,62455,293653,12734,1.3601862341917906e-05,0.07061083980465936,0.0018733488111440236
2020-10-21,264812411,62743,297509,12857,1.611329311902983e-05,0.061457054970275565,0.0019603780501410515
2020-10-22,264807979,63576,301006,12959,1.6736655809000377e-05,0.0550050333459167,0.0016043790109475274
2020-10-23,264803610,63733,305100,13077,1.6499019783000693e-05,0.06423673763984121,0.0018514741185884863
2020-10-24,264799540,63556,309219,13205,1.5370117334795973e-05,0.06480898734973882,0.002013971930266222
2020-10-25,264795808,62649,313764,13299,1.4093878706720312e-05,0.07254704783795432,0.001500422991588054
2020-10-26,264792586,61851,317672,13411,1.2168014402034655e-05,0.06318410373316519,0.001810803382322032
2020-10-27,264789066,60694,322248,13512,1.3293600272754464e-05,0.07539460243187135,0.0016640854120670906
2020-10-28,264785037,61078,325793,13612,1.5216116611604455e-05,0.058040538328039556,0.0016372507285765743
2020-10-29,264781472,60569,329778,13701,1.34639330051009e-05,0.06579273225577441,0.0014693985372055012
2020-10-30,264778575,58868,334295,13782,1.094121758152071e-05,0.07673099137052389,0.0013759597744105456
2020-10-31,264775432,58418,337801,13869,1.187043668009198e-05,0.06001574857064603,0.0014892670067444965
2020-11-01,264772736,56899,341942,13943,1.0182317260943362e-05,0.07277808045835603,0.0013005500975412573
2020-11-02,264770118,55792,345566,14044,9.887822764047715e-06,0.06495554918267853,0.001810295382850588
2020-11-03,264767145,54732,349497,14146,1.1228734592428377e-05,0.07182269970035811,0.0018636263977197982
2020-11-04,264763789,54190,353282,14259,1.2675449360637455e-05,0.06984683520944823,0.00208525558221074
2020-11-05,264759724,54306,357142,14348,1.5353543728577086e-05,0.0710787021691894,0.0016388612676315692
2020-11-06,264755946,54427,360705,14442,1.4269745616969071e-05,0.06546383228912121,0.001727083984052033
2020-11-07,264751684,54879,364417,14540,1.6098103459088858e-05,0.06763971646713679,0.001785746824832814
2020-11-08,264747804,54804,368298,14614,1.46554567833167e-05,0.07081599883220203,0.0013502664039121233
2020-11-09,264744951,53614,372266,14689,1.0776409480987609e-05,0.07401051964039243,0.0013988883500578207
2020-11-10,264741172,53846,375741,14761,1.4274319220736849e-05,0.06453589867399621,0.0013371466775619358
2020-11-11,264737402,54300,378982,14836,1.4240526542600127e-05,0.059686924493554325,0.0013812154696132596
2020-11-12,264733229,55274,382084,14933,1.576303819419662e-05,0.05612041827984224,0.001754893801787459
2020-11-13,264727785,57604,385094,15037,2.0564520645235632e-05,0.05225331574196236,0.0018054301784598292
2020-11-14,264722513,59765,388094,15148,1.991519323481188e-05,0.05019660336317242,0.0018572743244373796
2020-11-15,264718407,59911,391991,15211,1.5510821655858636e-05,0.06504648562033684,0.00105155981372369
2020-11-16,264714872,59909,395443,15296,1.3353990931042213e-05,0.05762072476589494,0.0014188185414545395
2020-11-17,264711065,60426,398636,15393,1.4381718421932985e-05,0.05284149207294873,0.0016052692549564757
2020-11-18,264706800,60870,402347,15503,1.6112166366712152e-05,0.060965993100049284,0.0018071299490717923
2020-11-19,264702002,61306,406612,15600,1.8126043489463294e-05,0.06956904707532705,0.0015822268619710958
2020-11-20,264697210,62080,410552,15678,1.8103704228692098e-05,0.06346649484536082,0.0012564432989690723
2020-11-21,264692212,63579,413955,15774,1.8882308482880485e-05,0.053523962314600736,0.001509932524890294
2020-11-22,264687852,63596,418188,15884,1.6472233111778776e-05,0.06656078998679162,0.0017296685326121139
2020-11-23,264683410,63722,422386,16002,1.6782313632728247e-05,0.06587991588462383,0.001851793729010389
2020-11-24,264679218,64878,425313,16111,1.5838039841873795e-05,0.04511544745522365,0.0016800764511853015
2020-11-25,264673684,65804,429807,16225,2.0908765527289824e-05,0.06829372074645919,0.0017324174822199259
2020-11-26,264668767,66752,433649,16352,1.8577938212104945e-05,0.057556327900287634,0.0019025647171620327
2020-11-27,264662939,68604,437456,16521,2.202046127810891e-05,0.055492391114220746,0.002463413212057606
2020-11-28,264657521,69370,441983,16646,2.0471740155081404e-05,0.06525875738791985,0.001801931670751045
2020-11-29,264651254,71658,445793,16815,2.368022030985729e-05,0.05316922046387005,0.0023584247397359683
2020-11-30,264646637,71420,450518,16945,1.7445904668722465e-05,0.06615793895267433,0.0018202184262111453
2020-12-01,264641545,72015,454879,17081,1.9241121041671668e-05,0.060556828438519755,0.0018884954523363188
2020-12-02,264636012,73429,458880,17199,2.090796319890129e-05,0.05448800882485122,0.0016069945117051846
2020-12-03,264627643,77969,462553,17355,3.162556982000554e-05,0.047108466185278766,0.002000795187831061
2020-12-04,264621840,80023,466178,17479,2.1929406884934365e-05,0.04529947640053485,0.0015495545030803643
2020-12-05,264615813,81669,470449,17589,2.2776416615737172e-05,0.052296464998959215,0.0013469002926447
2020-12-06,264609724,83285,474771,17740,2.3011248067361273e-05,0.05189409857717476,0.0018130515699105482
2020-12-07,264603970,84481,479202,17867,2.1745705478266255e-05,0.05244966323788781,0.001503296599235331
2020-12-08,264598678,85345,483497,18000,2.000009992491346e-05,0.05032515085828109,0.0015583806901400198
2020-12-09,264592620,87284,487445,18171,2.289557433612472e-05,0.045231657577562895,0.001959121946748545
2020-12-10,264586587,88622,491975,18336,2.2801609365028015e-05,0.05111597571709056,0.0018618401751258153
2020-12-11,264580277,89846,496886,18511,2.384909439035775e-05,0.05466019633595263,0.0019477773078378558
2020-12-12,264573889,91602,501376,18653,2.4144483887448168e-05,0.04901639702189908,0.0015501844937883453
2020-12-13,264567700,93165,505836,18819,2.3392878268964807e-05,0.0478720549562604,0.0017817850050984812
2020-12-14,264562211,93396,510957,18956,2.074748309387239e-05,0.05483104201464731,0.001466872242922609
2020-12-15,264556091,93662,516656,19111,2.313309051727711e-05,0.060846447865729965,0.001654886720334821
2020-12-16,264549366,94922,521984,19248,2.5420586341529922e-05,0.0561302964539306,0.0014432902804407829
2020-12-17,264542012,97139,526979,19390,2.7798987179397425e-05,0.0514211593695632,0.0014618227488444394
2020-12-18,264535323,98688,531995,19514,2.5285848120933173e-05,0.05082684824902724,0.001256485084306096
2020-12-19,264527572,102029,536260,19659,2.93012934016572e-05,0.04180184065314763,0.0014211645708573054
2020-12-20,264520590,103239,541811,19880,2.639492071297739e-05,0.053768440221234226,0.002140663896395742
2020-12-21,264513742,104809,546884,20085,2.588901411405688e-05,0.04840233186081348,0.0019559388983770476
2020-12-22,264507395,105146,552722,20257,2.3995548404232707e-05,0.05552279687291956,0.0016358206684039336
2020-12-23,264499881,106528,558703,20408,2.840833036140383e-05,0.056144863322319015,0.0014174677080204265
2020-12-24,264492682,108269,563980,20589,2.721814435682572e-05,0.04873971312194626,0.0016717620002031975
2020-12-25,264485423,108946,570304,20847,2.74457469816777e-05,0.05804710590567804,0.002368145686854038
2020-12-26,264478683,109150,576693,20994,2.5484095442202425e-05,0.05853412734768667,0.0013467704993128723
2020-12-27,264472155,108452,583676,21237,2.4683127794682203e-05,0.06438793198834507,0.002240622579574374
2020-12-28,264466301,107789,589978,21452,2.213514530155583e-05,0.058466077243503514,0.001994637671747581
2020-12-29,264458398,108636,596783,21703,2.9883717286981372e-05,0.06264037703891896,0.0023104679848300748
2020-12-30,264450396,109439,603741,21944,3.025898286043784e-05,0.06357879732088195,0.0022021400049342557
2020-12-31,264442322,109963,611097,22138,3.0532177825907914e-05,0.0668952283950056,0.0017642297863826924
2021-01-01,264434250,111005,617936,22329,3.052554652054339e-05,0.06160983739471195,0.0017206432142696274
2021-01-02,264427047,110400,625518,22555,2.7240027378893657e-05,0.06867753623188406,0.0020471014492753625
2021-01-03,264420170,110679,631937,22734,2.6007849552475518e-05,0.057996548577417574,0.0016172896394076564
2021-01-04,264413417,110089,639103,22911,2.5539551194559844e-05,0.06509278856198167,0.0016077900607690142
2021-01-05,264405972,110693,645746,23109,2.81574578050756e-05,0.06001282827279051,0.001788730994733181
2021-01-06,264397118,112593,652513,23296,3.348750571479376e-05,0.0601014272645724,0.0016608492535059906
2021-01-07,264387797,114766,659437,23520,3.525503107845783e-05,0.06033145705174006,0.0019517975707090951
2021-01-08,264377180,117704,666883,23753,4.015853410646108e-05,0.06326038197512404,0.0019795419017195675
2021-01-09,264367134,120928,673511,23947,3.80001850003034e-05,0.054809473405662876,0.0016042603863455941
2021-01-10,264357494,122873,681024,24129,3.646577161152844e-05,0.06114443368355945,0.0014812041701594328
2021-01-11,264348802,123636,688739,24343,3.288079966407414e-05,0.06240091882623184,0.0017308874437865994
2021-01-12,264338755,126313,695807,24645,3.8008047665958026e-05,0.05595623570020505,0.0023908861320687497
2021-01-13,264327477,129628,703464,24951,4.266677126419211e-05,0.05906902829635573,0.002360601104699602
2021-01-14,264315920,133149,711205,25246,4.3724191868579086e-05,0.058137875613035024,0.0022155630158694397
2021-01-15,264303102,138238,718696,25484,4.849734983435798e-05,0.05418915204213024,0.0017216684269158987
2021-01-16,264288878,143517,727358,25767,5.3819896272744404e-05,0.06035521924231973,0.0019718918316297025
2021-01-17,264277591,145482,736460,25987,4.27088803000327e-05,0.06256444096176847,0.0015122145695000068
2021-01-18,264268505,144798,745935,26282,3.43816982655576e-05,0.06543598668489896,0.002037320957471788
2021-01-19,264258140,146842,753948,26590,3.922301125709884e-05,0.054568856321760804,0.002097492543005407
2021-01-20,264245572,149388,763703,26857,4.756181874638944e-05,0.06529975633919725,0.0017872921519800787
2021-01-21,264233869,151658,772790,27203,4.429031011160799e-05,0.05991770958340477,0.002281449049835815
2021-01-22,264220237,156683,781147,27453,5.159332288389401e-05,0.053336992526311085,0.001595578333322696
2021-01-23,264208046,158751,791059,27664,4.614166822156506e-05,0.06243740196912145,0.0013291254858237113
2021-01-24,264196258,162617,798810,27835,4.461834580563968e-05,0.04766414335524576,0.0010515505758930492
2021-01-25,264186264,161636,809488,28132,3.782937026582124e-05,0.0660620158875498,0.0018374619515454478
2021-01-26,264173170,163526,820356,28468,4.956597219922069e-05,0.06646037938921028,0.00205471912723359
2021-01-27,264161222,164113,831330,28855,4.5229954304193824e-05,0.06686856007750758,0.00235813128758843
2021-01-28,264147527,166540,842122,29331,5.184602769345632e-05,0.06480124894920139,0.002858172210880269
2021-01-29,264133725,170017,852260,29518,5.225383468165604e-05,0.05962933118452861,0.0010998900109989002
2021-01-30,264119207,174083,862502,29728,5.49676040788658e-05,0.05883400446913254,0.0012063211226828582
2021-01-31,264107206,175095,873221,29998,4.5439880955008855e-05,0.06121819583654588,0.0015420200462606013
2021-02-01,264096212,175349,883682,30277,4.162876823087489e-05,0.05965816742610451,0.0015911125811952163
2021-02-02,264085833,172576,896530,30581,3.9301616001491456e-05,0.07444835898386798,0.0017615427405896532
2021-02-03,264073849,175236,905665,30770,4.5381244850185826e-05,0.05212969937684037,0.0010785455043484215
2021-02-04,264062415,174798,917306,31001,4.330036896769273e-05,0.06659687181775535,0.00132152541791096
2021-02-05,264050666,176672,926980,31202,4.449524849901344e-05,0.054756837529433076,0.0011377015033508422
2021-02-06,264038510,176433,939184,31393,4.603873881881851e-05,0.06917073336620701,0.0010825639194481757
2021-02-07,264027683,176291,949990,31556,4.100706364188334e-05,0.06129637928198263,0.0009246076090101026
2021-02-08,264019441,171288,963028,31763,3.121739811576982e-05,0.07611741628135071,0.0012084909625893234
2021-02-09,264010741,169351,973452,31976,3.2953204733439235e-05,0.061552633288259294,0.0012577427945509622
2021-02-10,264001965,168416,982972,32167,3.3242176814858176e-05,0.05652669580087403,0.0011340965228956868
2021-02-11,263993530,166492,993117,32381,3.195154063056015e-05,0.06093385868390073,0.0012853470437017994
2021-02-12,263983661,165086,1004117,32656,3.738488951405216e-05,0.06663193729328956,0.001665798432332239
2021-02-13,263974817,161731,1016036,32936,3.350319587493075e-05,0.07369644656868504,0.001731269824585268
2021-02-14,263968052,159012,1025273,33183,2.5628101388572582e-05,0.058089955475058484,0.0015533418861469574
2021-02-15,263961590,158498,1032065,33367,2.448083450323208e-05,0.04285227573849512,0.001160897929311411
2021-02-16,263951561,160689,1039674,33596,3.799560783806086e-05,0.04735233899022335,0.0014251131066843406
2021-02-17,263941874,162182,1047676,33788,3.670126249084675e-05,0.04933963078516728,0.0011838551750502522
2021-02-18,263932835,160494,1058222,33969,3.4247349330370355e-05,0.06570962154348449,0.0011277680162498287
2021-02-19,263922221,160142,1069005,34152,4.0216393904930046e-05,0.06733399108291391,0.0011427358219580123
2021-02-20,263914167,158197,1078840,34316,3.0517497759034663e-05,0.06216932053073067,0.0010366821115444667
2021-02-21,263906867,157088,1087076,34489,2.7661273399149557e-05,0.05242921165206763,0.0011012935424730087
2021-02-22,263896687,157148,1096994,34691,3.857570216483999e-05,0.06311247995520147,0.0012854124774098303
2021-02-23,263886912,158604,1104990,35014,3.7042382761294355e-05,0.050414869738468135,0.0020365186250031527
2021-02-24,263879379,158162,1112725,35254,2.854713402974925e-05,0.04890555253474286,0.001517431494290664
2021-02-25,263870886,157705,1121411,35518,3.2186195789709064e-05,0.05507751815097809,0.0016740116039440727
2021-02-26,263862654,158408,1128672,35786,3.119804896679315e-05,0.04583733144790667,0.0016918337457704157
2021-02-27,263856446,157039,1136054,35981,2.352794519183359e-05,0.04700743127503359,0.0012417297613968505
2021-02-28,263850886,155765,1142703,36166,2.1072508356102318e-05,0.04268609764709659,0.0011876865791416557
2021-03-01,263844206,153074,1151915,36325,2.531797116666644e-05,0.06018004363902426,0.0010387133020630544
2021-03-02,263838494,149645,1160863,36518,2.164960811215061e-05,0.05979484780647532,0.001289719001637208
2021-03-03,263831686,147197,1169916,36721,2.580433041693104e-05,0.061502612145627966,0.0013791041936996
2021-03-04,263824422,147845,1176356,36897,2.7533463145424802e-05,0.04355913287564679,0.0011904359295207818
2021-03-05,263817451,148356,1182687,37026,2.642357423125887e-05,0.042674377847879426,0.0008695300493407749
2021-03-06,263811684,147172,1189510,37154,2.186029031223651e-05,0.04636072078928057,0.0008697306552876906
2021-03-07,263805858,147740,1194656,37266,2.2084422401264493e-05,0.0348314606741573,0.0007580885339109246
2021-03-08,263798964,145628,1203381,37547,2.613353705210154e-05,0.0599129288323674,0.0019295739830252423
2021-03-09,263792575,144311,1210877,37757,2.4219787080815297e-05,0.05194337230010186,0.0014551905260167277
2021-03-10,263786942,144213,1216433,37932,2.135435498547157e-05,0.03852634644588213,0.0012134828344185337
2021-03-11,263781798,141070,1224603,38049,1.9500966476845382e-05,0.057914510526688875,0.0008293754873467073
2021-03-12,263775386,140451,1231454,38229,2.430856076919929e-05,0.048778577582217285,0.0012815857487664738
2021-03-13,263770779,138942,1237470,38329,1.746592256149799e-05,0.04329864259907012,0.0007197247772451814
2021-03-14,263766065,137912,1243117,38426,1.7871897205578738e-05,0.04094640060328325,0.0007033470618945415
2021-03-15,263760476,136524,1249947,38573,2.1189679684988132e-05,0.050027833933960326,0.00107673376109695
2021-03-16,263755062,134042,1257663,38753,2.0526620262552535e-05,0.05756404708971815,0.001342862684830128
2021-03-17,263748237,131695,1266673,38915,2.5876950222040725e-05,0.06841565739018186,0.0012301150385360113
2021-03-18,263741667,131753,1272958,39142,2.491073964433538e-05,0.047702898605724346,0.0017229209202067506
2021-03-19,263735388,131828,1278965,39339,2.3807954054311438e-05,0.045566950875383073,0.001494371453712413
2021-03-20,263729732,131616,1284725,39447,2.1446197806775914e-05,0.0437636761487965,0.0008205689277899343
2021-03-21,263725336,129844,1290790,39550,1.666885732965755e-05,0.04670989803148393,0.0007932596038322911
2021-03-22,263719592,128250,1297967,39711,2.1780710171885903e-05,0.05596101364522417,0.0012553606237816763
2021-03-23,263714295,126439,1304921,39865,2.0086131470423324e-05,0.05499885320193928,0.0012179786300113098
2021-03-24,263709068,123926,1312543,39983,1.982108556084996e-05,0.06150444620176557,0.0009521811403579556
2021-03-25,263702961,125279,1317199,40081,2.315863264045791e-05,0.03716504761372616,0.0007822540090517964
2021-03-26,263697979,124497,1322878,40166,1.8892825871828165e-05,0.04561555700137353,0.0006827473754387656
2021-03-27,263693518,124517,1327121,40364,1.6917366925947723e-05,0.034075668382630486,0.001590144317643374
2021-03-28,263689435,124236,1331400,40449,1.54841243449894e-05,0.034442512637238805,0.0006841817186644773
2021-03-29,263684427,123694,1336818,40581,1.8992399577696713e-05,0.04380163952980743,0.001067149578799295
2021-03-30,263679745,122326,1342695,40754,1.7756388531094793e-05,0.04804375194153328,0.001414253715481582
2021-03-31,263673808,122524,1348330,40858,2.2516457152240165e-05,0.04599098952042049,0.0008488132937220463
2021-04-01,263667666,121222,1355578,41054,2.3294475553934625e-05,0.059791127023147615,0.001616868225239643
2021-04-02,263662341,121011,1361017,41151,2.0196285824527364e-05,0.04494632719339564,0.0008015800216509243
2021-04-03,263657996,120068,1366214,41242,1.6479682262319858e-05,0.04328380584335543,0.0007579038544824599
2021-04-04,263651265,116709,1375877,41669,2.5529936296721353e-05,0.08279567128499088,0.0036586724245773676
2021-04-05,263647553,114475,1381677,41815,1.4079402436175843e-05,0.050666084297881636,0.0012753876392225378
2021-04-06,263643004,114566,1385973,41977,1.725439298969602e-05,0.037498036066546794,0.0014140320863083287
2021-04-07,263638144,113570,1391742,42064,1.8434358269492293e-05,0.050796865369375714,0.0007660473716650524
2021-04-08,263632640,111271,1399382,42227,2.0877536256512093e-05,0.06866119653818156,0.0014648920203826693
2021-04-09,263627375,110138,1405659,42348,1.997137057560885e-05,0.05699213713704625,0.0010986217291034885
2021-04-10,263622652,111137,1409288,42443,1.7915759378674333e-05,0.032653391759719985,0.0008548008314062823
2021-04-11,263618525,109958,1414507,42530,1.565519722106024e-05,0.04746357700212808,0.0007912111897269866
2021-04-12,263613696,109372,1419796,42656,1.8318471586544578e-05,0.048357897816625826,0.0011520315985809897
2021-04-13,263607994,108599,1426145,42782,2.1630603508936074e-05,0.058462785108518496,0.0011602316780080849
2021-04-14,263602338,108384,1431892,42906,2.1456562346575243e-05,0.053024431650428104,0.001144080307056392
2021-04-15,263596161,108032,1438254,43073,2.3433573450259772e-05,0.05888995853080569,0.00154583827014218
2021-04-16,263590798,107297,1444229,43196,2.0345930285472258e-05,0.05568655228011967,0.0011463507833397019
2021-04-17,263585757,106243,1450192,43328,1.912470558870144e-05,0.05612605065745508,0.0012424347957041876
2021-04-18,263581172,105859,1455065,43424,1.7395020915985607e-05,0.04603293059635931,0.0009068666811513428
2021-04-19,263576220,104319,1461414,43567,1.87877343411329e-05,0.060861396294059567,0.0013707953488817952
2021-04-20,263570671,102930,1468142,43777,2.1053177043359275e-05,0.06536481103662684,0.0020402215097639173
2021-04-21,263564951,101106,1475456,44007,2.1702430381192832e-05,0.07233992047949676,0.002274840266650842
2021-04-22,263558708,101191,1481449,44172,2.3687322067157803e-05,0.05922463460189147,0.001630579794645769
2021-04-23,263553272,100533,1487369,44346,2.0625811088393545e-05,0.05888613689037431,0.0017307749694130286
2021-04-24,263548728,99970,1492322,44500,1.7241593364852058e-05,0.04954486345903771,0.0015404621386415924
2021-04-25,263544326,100474,1496126,44594,1.6703072560173425e-05,0.03786054103549177,0.0009355654199096284
2021-04-26,263538382,100652,1501715,44771,2.2554589410813032e-05,0.055527957715693674,0.0017585343559988872
2021-04-27,263533726,100256,1506599,44939,1.7667567907418424e-05,0.04871528886051708,0.0016757101819342482
2021-04-28,263528485,100502,1511417,45116,1.9887793154504722e-05,0.047939344490656906,0.0017611589819108077
2021-04-29,263522652,100102,1517432,45334,2.213471956103417e-05,0.06008870951629338,0.002177778665760924
2021-04-30,263517152,100213,1522634,45521,2.0871506686593213e-05,0.05190943290790616,0.001866025365970483
2021-05-01,263512640,100250,1526978,45652,1.71225182974145e-05,0.04333167082294264,0.0013067331670822942
2021-05-02,263508246,100760,1530718,45796,1.6674999992220357e-05,0.03711790393013101,0.0014291385470424772
2021-05-03,263503516,100564,1535491,45949,1.7950424615966034e-05,0.04746231255717752,0.0015214191957360487
2021-05-04,263499147,99087,1541149,46137,1.658069883619016e-05,0.057101335190287324,0.0018973225549264788
2021-05-05,263493862,98217,1547092,46349,2.005739321548219e-05,0.06050887320932222,0.002158485801846931
2021-05-06,263488215,98277,1552532,46496,2.143169856761905e-05,0.05535374502681197,0.0014957721542171616
2021-05-07,263481888,98546,1558423,46663,2.4013035765099726e-05,0.05977918941408073,0.0016946400665678973
2021-05-08,263475758,99003,1563917,46842,2.3265897578326733e-05,0.05549326788077129,0.0018080260194135531
2021-05-09,263471836,98395,1568277,47012,1.48858415363986e-05,0.04431119467452614,0.001727730067584735
2021-05-10,263466945,96742,1574615,47218,1.8563998607111795e-05,0.06551446114407393,0.002129375038762895
2021-05-11,263461924,95924,1580207,47465,1.9057782330626266e-05,0.05829615111963638,0.002574955172845169
2021-05-12,263457316,95709,1584878,47617,1.7490499295908716e-05,0.04880418769394728,0.00158814740515521
2021-05-13,263453868,94857,1589079,47716,1.3087680306899119e-05,0.044287717300779066,0.0010436762705967931
2021-05-14,263451235,93576,1592886,47823,9.994259468929801e-06,0.04068350859194665,0.0011434555869026246
2021-05-15,263448850,91636,1597067,47967,9.052990741846092e-06,0.0456261731197346,0.0015714348072809812
2021-05-16,263445770,90800,1600857,48093,1.1691210680664943e-05,0.04174008810572687,0.0013876651982378855
2021-05-17,263441475,89129,1606611,48305,1.6303431340869923e-05,0.06455811239888253,0.002378574874619933
2021-05-18,263437290,87514,1612239,48477,1.5886133660120783e-05,0.06430971044632859,0.0019653998217428067
2021-05-19,263432419,87829,1616603,48669,1.8490510843314238e-05,0.049687460861446674,0.002186066105728176
2021-05-20,263426622,88439,1621572,48887,2.200612814296347e-05,0.05618561946652495,0.0024649758590667013
2021-05-21,263420876,89429,1626142,49073,2.1813001639247453e-05,0.05110199152400228,0.002079862237081931
2021-05-22,263415580,91240,1629495,49205,2.0105112992936864e-05,0.03674923279263481,0.001446733888645331
2021-05-23,263410300,92847,1633045,49328,2.0044774255220846e-05,0.03823494566329553,0.0013247600891789718
2021-05-24,263404393,93393,1638279,49455,2.242559409402105e-05,0.05604274410287709,0.0013598449562601052
2021-05-25,263399333,94486,1642074,49627,1.9210375145483e-05,0.0401646804817645,0.0018203755053658743
2021-05-26,263394299,96187,1645263,49771,1.911203097072348e-05,0.03315416844272095,0.0014970838055038624
2021-05-27,263388021,98405,1649187,49907,2.3835556287504814e-05,0.03987602255982928,0.001382043595345765
2021-05-28,263382159,98704,1654557,50100,2.2256632804046534e-05,0.054405089965958824,0.0019553412222402334
2021-05-29,263375594,99690,1659974,50262,2.4926379473110935e-05,0.05433844919249674,0.0016250376166114956
2021-05-30,263369479,101639,1663998,50404,2.321833199206807e-05,0.03959110184082881,0.0013971015063115536
2021-05-31,263363817,102006,1669119,50578,2.14987771080186e-05,0.050202929239456504,0.001705782012822775
2021-06-01,263358993,101325,1674479,50723,1.8317202481101528e-05,0.052899087095978285,0.0014310387367382185
2021-06-02,263353747,100364,1680501,50908,1.991997478585334e-05,0.060001594197122476,0.0018432904228607868
2021-06-03,263348394,94438,1691593,51095,2.0326685569231154e-05,0.11745272030326775,0.001980135115101972
2021-06-04,263341908,94773,1697543,51296,2.4629577757900957e-05,0.06278159391387843,0.002120857206166313
2021-06-05,263335314,96973,1701784,51449,2.5040317987886728e-05,0.04373382281666031,0.0015777587575923195
2021-06-06,263329482,98455,1705971,51612,2.2147159352252097e-05,0.0425270428114367,0.001655578690772434
2021-06-07,263322489,99663,1711565,51803,2.655678983803013e-05,0.05612915525320329,0.0019164584650271414
2021-06-08,263316195,99963,1717370,51992,2.390282147286839e-05,0.0580714864499865,0.0018906995588367696
2021-06-09,263308470,101635,1723253,52162,2.9338213085207627e-05,0.05788360308948689,0.0016726521375510404
2021-06-10,263299578,104655,1728914,52373,3.377141759034646e-05,0.054092016626057046,0.0020161482967846734
2021-06-11,263291495,106315,1735144,52566,3.0699814287582667e-05,0.058599445045384,0.0018153600150496167
2021-06-12,263284030,108324,1740436,52730,2.8353409813728543e-05,0.04885343968095713,0.0015139765887522618
2021-06-13,263274162,113388,1745091,52879,3.748183993839851e-05,0.041053727025787565,0.0013140720358415354
2021-06-14,263265973,115197,1751234,53116,3.11054250827926e-05,0.05332604147677457,0.0020573452433657125
2021-06-15,263257812,116787,1757641,53280,3.1000029735110005e-05,0.05486055811006362,0.0014042658857578326
2021-06-16,263247868,120306,1763870,53476,3.7774285032386285e-05,0.051776303758748525,0.0016291789270693065
2021-06-17,263235244,125303,1771220,53753,4.795710410267099e-05,0.05865781346017254,0.0022106414052337135
2021-06-18,263222254,130096,1779127,54043,4.934993072432242e-05,0.060778194564014267,0.002229123109088673
2021-06-19,263209348,135738,1786143,54291,4.9033212908532414e-05,0.05168781034050892,0.0018270491682506004
2021-06-20,263195611,142719,1792528,54662,5.219311958815301e-05,0.04473826189925658,0.002599513729776694
2021-06-21,263181075,147728,1801761,54956,5.523193489501477e-05,0.0625,0.0019901440485216074
2021-06-22,263167407,152686,1810136,55291,5.193652267128961e-05,0.05485113238934807,0.002194045295573923
2021-06-23,263152099,160524,1817303,55594,5.817168116147156e-05,0.044647529341406894,0.0018875682140988264
2021-06-24,263131525,171542,1826504,55949,7.818903493224539e-05,0.05363701017826538,0.002069464037961549
2021-06-25,263112653,181435,1835061,56371,7.172593102164493e-05,0.04716289580290462,0.002325901838123846
2021-06-26,263091558,194776,1842457,56729,8.018121204786054e-05,0.037971824044030066,0.0018380087895839322
2021-06-27,263070216,207685,1850481,57138,8.1126629705584e-05,0.03863543346895539,0.0019693285504489974
2021-06-28,263049522,218476,1859961,57561,7.866959743040323e-05,0.04339149380252293,0.0019361394386568777
2021-06-29,263029055,228835,1869606,58024,7.781269639584113e-05,0.042148272772958684,0.0020232918915375707
2021-06-30,263007248,239368,1880413,58491,8.291406478653394e-05,0.04514805654891214,0.0019509708900103606
2021-07-01,262982412,253826,1890287,58995,9.443977569115915e-05,0.03890066423455438,0.0019856121910284998
2021-07-02,262956582,267539,1901865,59534,9.822914415582113e-05,0.04327593360220379,0.002014659544963538
2021-07-03,262928669,281677,1915147,60027,0.00010616187312765045,0.04715329970143107,0.0017502316483063935
2021-07-04,262901436,295228,1928274,60582,0.0001035863493723937,0.044463939734713506,0.0018799029902312788
2021-07-05,262871691,309999,1942690,61140,0.00011315406344002253,0.04650337581734135,0.0018000058064703436
2021-07-06,262840502,324597,1958553,61868,0.00011866131651201914,0.04886982935763424,0.00224278104850014
2021-07-07,262806123,343101,1973388,62908,0.000130815064761638,0.04323799697465178,0.0030311774084016076
2021-07-08,262767732,359455,1994573,63760,0.00014610241412746982,0.05893644545214283,0.0023702549693285667
2021-07-09,262729608,367733,2023548,64631,0.00014510736072045598,0.07879358121245578,0.0023685663239361165
2021-07-10,262694514,373440,2052109,65457,0.00013359243581310571,0.07648082690659812,0.002211868037703513
2021-07-11,262658317,376015,2084724,66464,0.00013781021828446422,0.08673856096166377,0.0026780846508782895
2021-07-12,262617890,380797,2119478,67355,0.0001539384845411712,0.09126647531361855,0.0023398293578993533
2021-07-13,262569991,407709,2139601,68219,0.00018242374087600895,0.04935628107302022,0.0021191585174720204
2021-07-14,262515474,443473,2157363,69210,0.00020767156758157425,0.040052043754636696,0.0022346343520349603
2021-07-15,262458717,480199,2176412,70192,0.00021625115236694538,0.03966897057261677,0.002044985516421317
2021-07-16,262404717,504915,2204491,71397,0.00020578898358751684,0.05561134052266223,0.0023865403087648417
2021-07-17,262352765,527872,2232394,72489,0.0001980234513632818,0.05285940531037828,0.002068683317167798
2021-07-18,262308044,542236,2261658,73582,0.00017049038724866554,0.05396912045677528,0.0020157274692200445
2021-07-19,262273787,542938,2293875,74920,0.00013061541678200574,0.059338266984443895,0.0024643697807116096
2021-07-20,262235462,550192,2323666,76200,0.00014614728194160102,0.05414655247622648,0.00232646058103353
2021-07-21,262201690,549694,2356553,77583,0.00012880161069900046,0.05982783148442588,0.002515945234985283
2021-07-22,262152181,561384,2392923,79032,0.0001888559531000049,0.0647863138244054,0.0025811209439528023
2021-07-23,262103110,569901,2431911,80598,0.0001872202126865263,0.06841188206372686,0.0027478456784599432
2021-07-24,262057694,574135,2471678,82013,0.00017330534855427676,0.06926419744485182,0.002464577146489937
2021-07-25,262019015,573908,2509318,83279,0.00014761905734207877,0.06558542484161224,0.0022059284763411556
2021-07-26,261990787,560275,2549692,84766,0.00010774424674711939,0.07206104145285797,0.0026540538128597565
2021-07-27,261945584,556281,2596820,86835,0.00017256637546521876,0.08471977292052038,0.003719343281542961
2021-07-28,261897793,558392,2640676,88659,0.00018247958278900045,0.07853980716056104,0.003266522443014943
2021-07-29,261854314,554484,2686170,90552,0.0001660427102988267,0.0820474531275925,0.00341398489406367
2021-07-30,261813146,549343,2730720,92311,0.00015724191328421683,0.08109687390209759,0.00320200676080336
2021-07-31,261775862,545447,2770092,94119,0.0001424271883402298,0.07218299853147969,0.0033147125201898626
2021-08-01,261745124,535135,2809538,95723,0.00011743485238716424,0.07371224083642446,0.0029973744942864886
2021-08-02,261722720,523164,2842345,97291,8.56020447899976e-05,0.0627088255308087,0.002997148121812663
2021-08-03,261688820,524142,2873669,98889,0.0001295431726888447,0.0597624307916557,0.003048792121219059
2021-08-04,261652953,524011,2907920,100636,0.00013707852171651204,0.0653631316899836,0.003333899479209406
2021-08-05,261617189,518310,2947646,102375,0.00013670355582025615,0.0766452509116166,0.0033551349578437614
2021-08-06,261577657,507375,2996478,104010,0.00015112911574095183,0.09624439517122443,0.003222468588322247
2021-08-07,261545904,497824,3036194,105598,0.00012140507465182862,0.07977919907437167,0.0031898823680658224
2021-08-08,261519489,474233,3084702,107096,0.00010100585658455459,0.10228727229020333,0.0031587848167461984
2021-08-09,261498780,448508,3129661,108571,7.919348610345333e-05,0.10024124430333461,0.003288681584274974
2021-08-10,261466699,437055,3171147,110619,0.00012269631323107803,0.09492169177792269,0.004685909096109185
2021-08-11,261436074,426170,3211078,112198,0.00011714144697567636,0.09369735082244175,0.00370509421123026
2021-08-12,261411365,412776,3247715,113664,9.45215216637578e-05,0.08875758280520185,0.003551563075372599
2021-08-13,261380577,400129,3289718,115096,0.00011778993050428532,0.10497364599916527,0.0035788458222223334
2021-08-14,261351979,395577,3321598,116366,0.00010942331529083237,0.08059113649175761,0.0032105001049100427
2021-08-15,261331166,384807,3351959,117588,7.964224213502342e-05,0.07889929237254,0.0031756179071586537
2021-08-16,261313782,371021,3381884,118833,6.652538517849778e-05,0.08065581193517347,0.003355605208330526
2021-08-17,261293041,358357,3414109,120013,7.937830996425198e-05,0.08992429337225169,0.0032928057774788827
2021-08-18,261277273,343203,3443903,121141,6.034968070108417e-05,0.08681159546973657,0.0032866845569531735
2021-08-19,261255220,334752,3472915,122633,8.441171051051153e-05,0.08666714463244432,0.004457030876589236
2021-08-20,261235216,327286,3499037,123981,7.657466824840338e-05,0.0798139853217064,0.0041187218518360085
2021-08-21,261218472,319658,3522048,125342,6.409960165451086e-05,0.0719863103692071,0.004257675390573676
2021-08-22,261206064,306760,3546324,126372,4.7502725664133126e-05,0.07913678445690442,0.003357673751466945
2021-08-23,261196460,290764,3571082,127214,3.676925789882451e-05,0.08514809261118983,0.002895819289870823
2021-08-24,261177354,273750,3606164,128252,7.315335616731916e-05,0.12815342465753424,0.0037917808219178084
2021-08-25,261158683,257677,3639867,129293,7.14929321342917e-05,0.13079553083899612,0.004039941477120581
2021-08-26,261141784,243588,3669966,130182,6.471197271134518e-05,0.12356520025617025,0.0036496050708573493
2021-08-27,261129166,236317,3689256,130781,4.8320914102716506e-05,0.08162764422364874,0.0025347308911335196
2021-08-28,261119116,227182,3707850,131372,3.8488181769120265e-05,0.08184627303219445,0.0026014384942469036
2021-08-29,261111689,217590,3724318,131923,2.8443766835731357e-05,0.07568362516659773,0.00253228549106117
2021-08-30,261106253,203060,3743716,132491,2.081911075488491e-05,0.0955284152467251,0.002797202797202797
2021-08-31,261095719,196281,3760497,133023,4.034535702211188e-05,0.08549477534758841,0.0027103998858778997
2021-09-01,261085382,189571,3776891,133676,3.9592411956637236e-05,0.08647947207115013,0.003444619693940529
2021-09-02,261076427,176638,3798099,134356,3.430030088469075e-05,0.12006476522605555,0.003849681269036108
2021-09-03,261068630,168317,3813643,134930,2.9865710024218537e-05,0.09234955470926882,0.0034102318838857633
2021-09-04,261061903,160699,3827449,135469,2.576783484183826e-05,0.085912171202061,0.0033540967896502154
2021-09-05,261056500,155519,3837640,135861,2.0696669111858927e-05,0.06552897073669456,0.002520592339199712
2021-09-06,261052087,146271,3850689,136473,1.6904672361420347e-05,0.08921112182182388,0.00418401460303136
2021-09-07,261044886,138630,3864848,137156,2.7585294277705175e-05,0.10213517997547428,0.0049267835244896484
2021-09-08,261038155,132823,3876760,137782,2.578550250632901e-05,0.08968326268793808,0.004713039157374852
2021-09-09,261032165,127829,3887410,138116,2.294736359406129e-05,0.08331442786848055,0.002612865625171127
2021-09-10,261026789,118534,3901766,138431,2.0595587221509284e-05,0.12111292962356793,0.0026574653685862283
2021-09-11,261021788,115679,3909352,138701,1.9159320140738596e-05,0.06557802194002368,0.002334045073003743
2021-09-12,261018009,109869,3918753,138889,1.4477928226017539e-05,0.08556553713968454,0.001711128707824773
2021-09-13,261015432,99696,3931227,139165,9.872979464294663e-06,0.1251203659123736,0.0027684159845931633
2021-09-14,261011304,92328,3942473,139415,1.5815406983292953e-05,0.12180486959535569,0.002707737631054501
2021-09-15,261007356,84963,3953519,139682,1.5126010471520964e-05,0.13000953356166803,0.003142544401680732
2021-09-16,261004211,73238,3968152,139919,1.2049614019445839e-05,0.19980064993582566,0.0032360250143368195
2021-09-17,261000376,68942,3976064,140138,1.4693465422440618e-05,0.11476313422877202,0.0031765832148762728
2021-09-18,260996991,65066,3983140,140323,1.2969498180919642e-05,0.1087511142532198,0.0028432668367503766
2021-09-19,260994757,60969,3989326,140468,8.559558918649082e-06,0.10146139841558825,0.002378257803145861
2021-09-20,260992825,55936,3996125,140634,7.402502348484101e-06,0.12154962814645309,0.0029676773455377574
2021-09-21,260989562,52447,4002706,140805,1.2502415709636694e-05,0.12547905504604648,0.003260434343241749
2021-09-22,260986842,49662,4008062,140954,1.042198135030884e-05,0.10784905964318794,0.0030002819056824132
2021-09-23,260983961,47997,4012448,141114,1.1038992545599383e-05,0.09138071129445591,0.0033335416796883136
2021-09-24,260981404,45803,4017055,141258,9.7976329378625e-06,0.10058293124904483,0.0031438988712529747
2021-09-25,260979267,44071,4020801,141381,8.188389922943572e-06,0.08499920582696104,0.002790950965487509
2021-09-26,260977507,42769,4023777,141467,6.743876206925373e-06,0.06958310926138091,0.0020108022165587222
2021-09-27,260976117,40270,4027548,141585,5.326157872139695e-06,0.09364291035510305,0.002930221008194686
2021-09-28,260974060,38652,4031099,141709,7.882009422698946e-06,0.09187105453792818,0.003208113422332609
2021-09-29,260972106,37412,4034176,141826,7.487390242388587e-06,0.08224633807334546,0.0031273388217684167
2021-09-30,260970416,36141,4037024,141939,6.475829812065748e-06,0.07880246811100966,0.0031266428709775603
2021-10-01,260968792,34867,4039835,142026,6.222966307787484e-06,0.0806206441621017,0.0024951960306306823
2021-10-02,260967378,33812,4042215,142115,5.41830174651178e-06,0.0703892109310304,0.002632201585236011
2021-10-03,260966236,32876,4044235,142173,4.376045029825238e-06,0.061442997931621855,0.001764204891105974
2021-10-04,260965314,31054,4046891,142261,3.5330365781867854e-06,0.08552843434018162,0.0028337734269337283
2021-10-05,260963910,29823,4049449,142338,5.380054276470643e-06,0.08577272574858331,0.0025818998759346815
2021-10-06,260962426,28381,4052300,142413,5.686642413417785e-06,0.100454529438709,0.0026426130157499736
2021-10-07,260961033,27747,4054246,142494,5.33796170250445e-06,0.07013370814862868,0.0029192345118391177
2021-10-08,260959649,25551,4057760,142560,5.303501921862257e-06,0.13752886384094556,0.002583069155806035
2021-10-09,260958482,25159,4059267,142612,4.471975737504482e-06,0.05989904209229301,0.0020668548034500577
2021-10-10,260957588,24430,4060851,142651,3.4258440494169497e-06,0.06483831354891527,0.0015963978714695047
2021-10-11,260956968,22541,4063295,142716,2.3758706454621286e-06,0.10842464841843752,0.002883634266447806
2021-10-12,260955707,21625,4065425,142763,4.832237679323871e-06,0.0984971098265896,0.0021734104046242774
2021-10-13,260954474,20551,4067684,142811,4.724962102010177e-06,0.10992165831346407,0.0023356527662887453
2021-10-14,260953421,19852,4069399,142848,4.035202895462328e-06,0.08638928067700988,0.0018637920612532743
2021-10-15,260952506,19318,4070807,142889,3.5063851810643274e-06,0.07288539186251165,0.0021223729164509784
2021-10-16,260951509,18746,4072332,142933,3.820633204309234e-06,0.08135068814680466,0.002347167395711085
2021-10-17,260950762,18388,4073418,142952,2.8626090005439416e-06,0.059060256689145094,0.0010332825755927778
2021-10-18,260950136,17374,4075011,142999,2.39892574725464e-06,0.0916887302866352,0.002705191665707379
2021-10-19,260949233,16697,4076541,143049,3.460443204291771e-06,0.09163322752590286,0.002994549919147152
2021-10-20,260948319,16376,4077748,143077,3.502609265706747e-06,0.07370542256961407,0.001709819247679531
2021-10-21,260947686,15594,4079120,143120,2.425773570569237e-06,0.08798255739386944,0.002757470822111068
2021-10-22,260946926,15090,4080351,143153,2.9124696414319897e-06,0.08157720344599072,0.002186878727634195
2021-10-23,260946124,14803,4081417,143176,3.0734313570413486e-06,0.0720124299128555,0.0015537391069377828
2021-10-24,260945501,14360,4082454,143205,2.387471704292767e-06,0.07221448467966574,0.00201949860724234
2021-10-25,260945041,13554,4083690,143235,1.7628233065367967e-06,0.09119079238601151,0.002213368747233289
2021-10-26,260944430,12989,4084831,143270,2.341494700614993e-06,0.0878435599353299,0.0026945877280776043
2021-10-27,260943711,12735,4085775,143299,2.7553835164090236e-06,0.07412642324303102,0.0022771888496270123
2021-10-28,260942988,12440,4086759,143333,2.77072016972535e-06,0.07909967845659165,0.002733118971061093
2021-10-29,260942305,12414,4087440,143361,2.6174368314865616e-06,0.05485741904301595,0.002255517963589496
2021-10-30,260941685,12309,4088138,143388,2.376009796978202e-06,0.05670647493703794,0.0021935169388252497
2021-10-31,260941162,12318,4088635,143405,2.0042832491103876e-06,0.040347459003084916,0.0013800941711316773
2021-11-01,260940759,11919,4089419,143423,1.5444118486679193e-06,0.06577733031294572,0.0015101938082053865
2021-11-02,260940147,11629,4090287,143457,2.345365429720556e-06,0.07464098374752773,0.0029237251698340356
2021-11-03,260939346,11592,4091101,143481,3.0696788823867136e-06,0.0702208419599724,0.002070393374741201
2021-11-04,260938718,11364,4091938,143500,2.4066953528912488e-06,0.07365364308342133,0.0016719464977120733
2021-11-05,260938200,11215,4092586,143519,1.9851443751815564e-06,0.05777975925100312,0.0016941596076683013
2021-11-06,260937799,10979,4093208,143534,1.5367647061359631e-06,0.05665361144002186,0.0013662446488751253
2021-11-07,260937355,10825,4093795,143545,1.701557831763873e-06,0.05422632794457275,0.0010161662817551962
2021-11-08,260937111,9774,4095078,143557,9.350912143731062e-07,0.13126662574176387,0.0012277470841006752
2021-11-09,260936677,9602,4095663,143578,1.6632387788091592e-06,0.06092480733180587,0.0021870443657571337
2021-11-10,260936197,9537,4096194,143592,1.839530143838189e-06,0.05567788612771312,0.0014679668658907413
2021-11-11,260935762,9486,4096664,143608,1.6670769719943562e-06,0.049546700400590345,0.001686696183849884
2021-11-12,260935363,9305,4097224,143628,1.5291143193956428e-06,0.06018269747447609,0.0021493820526598604
2021-11-13,260935004,9197,4097675,143644,1.3758215436668666e-06,0.049037729694465584,0.0017396977275198435
2021-11-14,260934665,9018,4098178,143659,1.299175791763812e-06,0.05577733422044799,0.00166333998669328
2021-11-15,260934444,8522,4098884,143670,8.469560270088376e-07,0.08284440272236564,0.0012907768129547055
2021-11-16,260934097,8339,4099399,143685,1.3298377022762189e-06,0.06175800455690131,0.001798776831754407
2021-11-17,260933575,8390,4099857,143698,2.000509133406845e-06,0.05458879618593564,0.0015494636471990466
2021-11-18,260933175,8315,4100321,143709,1.5329595403114226e-06,0.05580276608538785,0.00132291040288635
2021-11-19,260932815,8154,4100837,143714,1.3796654897545179e-06,0.06328182487122884,0.0006131959774343881
2021-11-20,260932422,8154,4101216,143728,1.5061370947608803e-06,0.04648025508952661,0.0017169487368162864
2021-11-21,260932108,8126,4101547,143739,1.2033781599618242e-06,0.04073344819099188,0.0013536795471326606
2021-11-22,260931922,7965,4101889,143744,7.128296092495728e-07,0.04293785310734463,0.0006277463904582549
2021-11-23,260931528,7916,4102323,143753,1.5099746781078904e-06,0.054825669530065686,0.0011369378473976757
2021-11-24,260931077,7977,4102700,143766,1.7284257788887294e-06,0.04726087501567005,0.001629685345367933
2021-11-25,260930705,8040,4102993,143782,1.4256658678786e-06,0.03644278606965174,0.001990049751243781
2021-11-26,260930252,8093,4103379,143796,1.73609612732831e-06,0.047695539354998144,0.001729890028419622
2021-11-27,260929848,8226,4103639,143807,1.5483088772580744e-06,0.031607099440797475,0.001337223437879893
2021-11-28,260929584,8214,4103914,143808,1.011767220692001e-06,0.03347942537131726,0.00012174336498660823
2021-11-29,260929408,7960,4104333,143819,6.745119354273782e-07,0.05263819095477387,0.0013819095477386936
2021-11-30,260929111,7922,4104657,143830,1.1382401866229483e-06,0.040898762938651856,0.0013885382479171926
2021-12-01,260928833,7883,4104964,143840,1.0654246094757954e-06,0.03894456425218825,0.0012685525815045035
2021-12-02,260928522,7796,4105352,143850,1.1918972966857184e-06,0.049769112365315546,0.0012827090815802976
2021-12-03,260928277,7705,4105680,143858,9.389553436556054e-07,0.042569759896171316,0.0010382868267358857
2021-12-04,260928031,7632,4105994,143863,9.427887032957375e-07,0.04114255765199162,0.0006551362683438155
2021-12-05,260927835,7526,4106292,143867,7.511655473629327e-07,0.039596066967844804,0.0005314908317831517
2021-12-06,260927705,5642,4108297,143876,4.98222294945644e-07,0.3553704360155973,0.0015951790145338532
2021-12-07,260927444,5466,4108717,143893,1.0002780696383934e-06,0.07683863885839737,0.0031101353823637027
2021-12-08,260927180,5363,4109068,143909,1.0117765424054328e-06,0.0654484430356144,0.0029834048107402573
2021-12-09,260926960,5278,4109364,143918,8.431478295688572e-07,0.05608184918529746,0.0017051913603637742
2021-12-10,260926768,5154,4109675,143923,7.358386472636644e-07,0.060341482343810635,0.0009701202949165697
2021-12-11,260926540,5186,4109865,143929,8.738091571673775e-07,0.03663709988430389,0.0011569610489780178
2021-12-12,260926377,5158,4110049,143936,6.24697287695065e-07,0.03567274137262505,0.0013571151609150834
2021-12-13,260926271,4974,4110327,143948,4.0624502697162295e-07,0.055890631282669884,0.0024125452352231603
2021-12-14,260926081,4905,4110574,143960,7.28175578584649e-07,0.05035677879714577,0.0024464831804281344
2021-12-15,260925876,4864,4110811,143969,7.856637415294143e-07,0.04872532894736842,0.001850328947368421
2021-12-16,260925663,4833,4111045,143979,8.163244563644167e-07,0.048417132216014895,0.002069108214359611
2021-12-17,260925372,4912,4111250,143986,1.1152614165861954e-06,0.041734527687296415,0.0014250814332247557
2021-12-18,260925140,4918,4111464,143998,8.891439130779043e-07,0.04351362342415616,0.0024400162667751117
2021-12-19,260924976,4923,4111619,144002,6.285331611949636e-07,0.03148486695104611,0.0008125126955108674
2021-12-20,260924843,4829,4111835,144013,5.09725323471786e-07,0.044729757713812386,0.002277904328018223
2021-12-21,260924627,4829,4112040,144024,8.278252707821251e-07,0.04245185338579416,0.002277904328018223
2021-12-22,260924448,4746,4112292,144034,6.860223385429946e-07,0.05309734513274336,0.002107037505267594
2021-12-23,260924312,4642,4112524,144042,5.212239478856995e-07,0.04997845756139595,0.0017233950883239983
2021-12-24,260924108,4659,4112706,144047,7.818365330964358e-07,0.03906417686198755,0.0010731916720326251
2021-12-25,260923853,4713,4112901,144053,9.772966214782978e-07,0.041374920432845325,0.001273074474856779
2021-12-26,260923761,4655,4113049,144055,3.525934152083604e-07,0.0317937701396348,0.0004296455424274973
2021-12-27,260923641,4496,4113320,144063,4.5990466613180523e-07,0.06027580071174377,0.0017793594306049821
2021-12-28,260923363,4614,4113472,144071,1.0654469450479985e-06,0.0329432162982228,0.0017338534893801473
2021-12-29,260923169,4528,4113742,144081,7.435138885654114e-07,0.05962897526501767,0.002208480565371025
2021-12-30,260922980,4311,4114141,144088,7.243516841636563e-07,0.09255393180236604,0.0016237531895151936
2021-12-31,260922800,4292,4114334,144094,6.898592227279486e-07,0.044967381174277725,0.0013979496738117428
2022-01-01,260922526,4399,4114499,144096,1.0501201417925872e-06,0.03750852466469652,0.0004546487838145033
2022-01-02,260922352,4382,4114689,144097,6.668650602996251e-07,0.043359196713829304,0.00022820629849383843
2022-01-03,260922087,4530,4114801,144102,1.0156288532216133e-06,0.024724061810154525,0.0011037527593818985
2022-01-04,260921788,4658,4114969,144105,1.1459372645415109e-06,0.036066981537140406,0.0006440532417346501
2022-01-05,260921384,4878,4115149,144109,1.5483591026789894e-06,0.03690036900369004,0.0008200082000820008
2022-01-06,260920851,5195,4115358,144116,2.042765068246692e-06,0.04023099133782483,0.001347449470644851
2022-01-07,260920333,5494,4115572,144121,1.985280311596107e-06,0.0389515835456862,0.0009100837277029487
2022-01-08,260919854,5792,4115747,144127,1.835812770307621e-06,0.030214088397790054,0.0010359116022099447
2022-01-09,260919325,6108,4115958,144129,2.027446606340868e-06,0.03454485920104781,0.0003274394237066143
2022-01-10,260918871,6311,4116202,144136,1.740004462919817e-06,0.03866265251148788,0.0011091744572967834
2022-01-11,260918069,6659,4116648,144144,3.073761825211116e-06,0.06697702357711369,0.0012013815888271512
2022-01-12,260917423,6985,4116962,144150,2.4758791213417742e-06,0.04495347172512527,0.0008589835361488905
2022-01-13,260916630,7388,4117347,144155,3.0392850007299265e-06,0.052111532214401735,0.0006767731456415809
2022-01-14,260915780,7877,4117700,144163,3.2577562001041104e-06,0.04481401548813,0.001015615081883966
2022-01-15,260914726,8463,4118164,144167,4.0396340067060834e-06,0.054826893536570956,0.0004726456339359565
2022-01-16,260913871,8605,4118874,144170,3.2769434477479353e-06,0.08251016850668216,0.0003486345148169669
2022-01-17,260913099,8775,4119472,144174,2.9588395636663684e-06,0.06814814814814815,0.0004558404558404558
2022-01-18,260911737,9564,4120036,144183,5.220156117392297e-06,0.05897114178168131,0.0009410288582183187
2022-01-19,260909992,10796,4120540,144192,6.6881302115865305e-06,0.04668395702111893,0.0008336420896628381
2022-01-20,260907876,12328,4121117,144199,8.110142294056312e-06,0.0468040233614536,0.0005678131083711876
2022-01-21,260905272,14119,4121928,144201,9.98063389075557e-06,0.05744032863517246,0.0001416530915787237
2022-01-22,260902067,16692,4122555,144206,1.2284302829996361e-05,0.03756290438533429,0.00029954469206805657
2022-01-23,260899142,18891,4123267,144220,1.1211228897027189e-05,0.03768990524588428,0.0007410936424752528
2022-01-24,260896215,20867,4124211,144227,1.1219020559573851e-05,0.04523889394738103,0.0003354579000335458
2022-01-25,260891337,24856,4125080,144247,1.8697439539742172e-05,0.03496137753459929,0.0008046346958480849
2022-01-26,260884327,29277,4127662,144254,2.6870146170183693e-05,0.08819209618471838,0.0002390955357447826
2022-01-27,260876250,35704,4129305,144261,3.096103995668444e-05,0.04601725296885503,0.00019605646426170737
2022-01-28,260866345,43574,4131333,144268,3.796963537017395e-05,0.046541515582686925,0.00016064625694221324
2022-01-29,260854757,52555,4133923,144285,4.442318834154901e-05,0.049281704880601275,0.0003234706497954524
2022-01-30,260842335,61718,4137164,144303,4.762263763663977e-05,0.052513043196474284,0.0002916491137107489
2022-01-31,260832150,68596,4140454,144320,3.9048100473810454e-05,0.047961980290395945,0.00024782786168289696
2022-02-01,260816129,81349,4143694,144348,6.142641584869163e-05,0.03982839371104746,0.0003441959950337435
2022-02-02,260798234,94109,4148804,144373,6.86162621791373e-05,0.05429873869661775,0.0002656494065392258
2022-02-03,260771037,115275,4154797,144411,0.00010429455783465708,0.05198872261982217,0.000329646497505964
2022-02-04,260738826,140254,4161987,144453,0.00012353741287459812,0.05126413506923154,0.00029945669998716613
2022-02-05,260705097,163468,4172458,144497,0.00012937606662903104,0.06405535028262412,0.0002691658306212837
2022-02-06,260669040,188899,4183027,144554,0.00013832482752842455,0.05595053441256968,0.0003017485534597854
2022-02-07,260642919,206361,4191604,144636,0.00010021757007716753,0.04156308604823586,0.0003973619046234511
2022-02-08,260605427,233062,4202312,144719,0.00014386500093875636,0.04594485587526066,0.0003561284121821661
2022-02-09,260558584,265824,4216328,144784,0.00017977914709576406,0.0527266161068978,0.0002445226917057903
2022-02-10,260517966,288186,4234510,144858,0.00015591247169494636,0.06309119804570659,0.0002567786082599432
2022-02-11,260477477,312808,4250277,144958,0.00015544146260292594,0.05040472110687706,0.0003196849185442828
2022-02-12,260422268,335340,4282847,145065,0.0002119980001095759,0.09712530565992723,0.0003190791435557941
2022-02-13,260377742,352839,4309763,145176,0.00017100540030030677,0.07628408424238817,0.00031459107411595656
2022-02-14,260341241,375857,4323101,145321,0.00014020444805362206,0.035486900603154924,0.0003857850193025539
2022-02-15,260284192,406025,4349848,145455,0.000219179657287831,0.06587525398682346,0.00033002893910473495
2022-02-16,260219474,445190,4375234,145622,0.00024870544469704064,0.05702284417888991,0.0003751207349670927
2022-02-17,260155518,469868,4414306,145828,0.0002458375685884933,0.08315526913941788,0.0004384210033456205
2022-02-18,260095883,496383,4447210,146044,0.0002292808302544335,0.06628752394824158,0.0004351478596164655
2022-02-19,260036499,520910,4481909,146202,0.0002283679415327,0.0666122746731681,0.0003033153519801885
2022-02-20,259988015,536358,4514782,146365,0.00018648551934211276,0.06128928812472267,0.00030390149862591777
2022-02-21,259953597,530671,4554711,146541,0.00013240055301100528,0.0752424760350575,0.0003316555832144587
2022-02-22,259896106,549431,4593185,146798,0.00022120762363403781,0.0700251714956018,0.00046775664278135017
2022-02-23,259834618,571522,4632355,147025,0.0002366428325574385,0.06853629431587935,0.0003971850602426503
2022-02-24,259777192,586113,4674873,147342,0.00022105866784486608,0.07254232545601275,0.0005408513375407131
2022-02-25,259727745,573955,4736234,147586,0.000190380122847484,0.10690907823784095,0.00042512043627113626
2022-02-26,259681102,578535,4778039,147844,0.00017961645895972822,0.07226010526588711,0.00044595400451139514
2022-02-27,259646126,573898,4817423,148073,0.0001347064196135936,0.06862543518186158,0.0003990256108228291
2022-02-28,259621072,554698,4861415,148335,9.650218222656441e-05,0.07930801985945506,0.00047232908717896946
2022-03-01,259596344,539214,4901302,148660,9.525557879197252e-05,0.0739724858775922,0.0006027291576257293
2022-03-02,259555424,536823,4944237,149036,0.00015765418949595906,0.07997980712450845,0.0007004170834707156
2022-03-03,259518165,531696,4986391,149268,0.0001435699115705446,0.07928214618879961,0.0004363395624567422
2022-03-04,259491818,517253,5026853,149596,0.00010153306644913174,0.07822477588336849,0.0006341190867911834
2022-03-05,259461662,500418,5073522,149918,0.00011622526336858198,0.09326003461106515,0.0006434620657130639
2022-03-06,259436795,475951,5122602,150172,9.584993524145254e-05,0.10311985897707958,0.0005336683818292219
2022-03-07,259415415,448273,5171402,150430,8.241607384819441e-05,0.1088622335050293,0.0005755421361536386
2022-03-08,259385267,422892,5226530,150831,0.00011622865226188811,0.1303595244175818,0.000948232645687315
2022-03-09,259358931,417219,5258235,151135,0.0001015426763923545,0.0759912659778198,0.0007286341226070721
2022-03-10,259337620,399853,5296634,151413,8.217473423254212e-05,0.09603279205107877,0.0006952555063986015
2022-03-11,259321510,376461,5335846,151703,6.212365491778912e-05,0.10415952781297398,0.0007703321193961659
2022-03-12,259306610,357380,5369579,151951,5.746093398853196e-05,0.09438972522245229,0.0006939392243550282
2022-03-13,259295025,342896,5395433,152166,4.4678836394952044e-05,0.07539895478512436,0.0006270122719425131
2022-03-14,259285396,312958,5434729,152437,3.7136684705528114e-05,0.12556317461128969,0.0008659308916851463
2022-03-15,259270988,299443,5462344,152745,5.557120027636875e-05,0.09222122407269497,0.0010285763901644054
2022-03-16,259257970,279969,5494606,152975,5.021253541405111e-05,0.11523418664209252,0.0008215195253760238
2022-03-17,259246438,262477,5523393,153212,4.4482771254122306e-05,0.10967437146873821,0.0009029362572720658
2022-03-18,259236910,245979,5549220,153411,3.675402549737227e-05,0.10499676801678193,0.0008090121514438224
2022-03-19,259228959,229734,5573228,153599,3.067172753642852e-05,0.10450346922963079,0.0008183377297222005
2022-03-20,259223037,219688,5589057,153738,2.2845191802918348e-05,0.0720521830960271,0.0006327154874185209
2022-03-21,259218338,203345,5609945,153892,1.8127575526697498e-05,0.10272197496864933,0.0007573335956133665
2022-03-22,259210874,181555,5639029,154062,2.8795088280131335e-05,0.1601938806422296,0.0009363553744044504
2022-03-23,259204498,168563,5658238,154221,2.4598338567411744e-05,0.11395739278489349,0.0009432675023581688
2022-03-24,259198690,155977,5676510,154343,2.2407520655293436e-05,0.11714547657667476,0.0007821666014861165
2022-03-25,259193833,146004,5691220,154463,1.873887176937578e-05,0.10075066436535986,0.0008218952905399852
2022-03-26,259189644,139143,5702163,154570,1.616191116030855e-05,0.07864570980933284,0.0007689930503151434
2022-03-27,259186567,129621,5714662,154670,1.1871757227294886e-05,0.0964272764444033,0.0007714799299496223
2022-03-28,259183769,122014,5724963,154774,1.0795429091857987e-05,0.08442473814480306,0.0008523612044519481
2022-03-29,259179874,115709,5735055,154882,1.5028173059455998e-05,0.08721879888340578,0.0009333759690257457
2022-03-30,259176034,111555,5742931,155000,1.4816184740291226e-05,0.0706019452288109,0.0010577741921025503
2022-03-31,259172702,106927,5750802,155089,1.2856292249482354e-05,0.07361096823066204,0.0008323435614952257
2022-04-01,259169772,100746,5759838,155164,1.1305330777541448e-05,0.08969090584241558,0.0007444464296349235
2022-04-02,259167472,98171,5764636,155241,8.874570493939146e-06,0.048873903698648274,0.0007843456825335385
2022-04-03,259165539,95990,5768703,155288,7.4585533534225014e-06,0.04236899677049693,0.0004896343369100948
2022-04-04,259163878,90235,5776058,155349,6.409072177875035e-06,0.0815093921427384,0.0006760126336787278
2022-04-05,259161596,85204,5783299,155421,8.805316972966937e-06,0.08498427303882447,0.0008450307497300596
2022-04-06,259159196,82146,5788714,155464,9.260717107642208e-06,0.06591921700387116,0.0005234582329023933
2022-04-07,259157107,78302,5794602,155509,8.060747490903268e-06,0.07519603586115298,0.0005746979642920998
2022-04-08,259155352,76568,5798044,155556,6.771999831205492e-06,0.04495350538083795,0.0006138334552293386
2022-04-09,259153884,74130,5801909,155597,5.664588071541309e-06,0.052138135707540806,0.000553082422770808
2022-04-10,259152813,72679,5804402,155626,4.132696796156328e-06,0.03430151763232846,0.0003990148461041016
2022-04-11,259151617,69849,5808380,155674,4.615058990737457e-06,0.05695142378559464,0.0006871966670961646
2022-04-12,259150162,67975,5811666,155717,5.6145054618951e-06,0.048341301949246046,0.0006325855093784479
2022-04-13,259148611,66475,5814688,155746,5.984982879186646e-06,0.045460699511094396,0.0004362542309138774
2022-04-14,259147778,64044,5817904,155794,3.214382181582896e-06,0.050215476859658985,0.0007494847292486415
2022-04-15,259146856,62665,5820179,155820,3.557828230028768e-06,0.0363041570254528,0.00041490465171946064
2022-04-16,259146254,60475,5822947,155844,2.3230125487362824e-06,0.04577097974369574,0.0003968582058701943
2022-04-17,259145647,58278,5825729,155866,2.342312159308622e-06,0.04773671025086654,0.00037750094375235937
2022-04-18,259145088,50969,5833560,155903,2.157092786570587e-06,0.15364241009240912,0.0007259314485275364
2022-04-19,259144251,49022,5836310,155937,3.229861348535183e-06,0.05609726245359226,0.0006935661539716862
2022-04-20,259143510,45091,5840945,155974,2.859419477647733e-06,0.10279213146747689,0.0008205628617684238
2022-04-21,259142925,31219,5855361,156015,2.2574415257526323e-06,0.461770075915308,0.0013133027963740031
2022-04-22,259142274,21037,5866169,156040,2.5121335471494703e-06,0.5137614678899083,0.0011883823739126302
2022-04-23,259141752,19450,5868251,156067,2.0143415561997125e-06,0.10704370179948586,0.0013881748071979435
2022-04-24,259141370,17631,5870419,156100,1.4740988673479654e-06,0.12296523169417503,0.0018717032499574614
2022-04-25,259141053,13251,5875083,156133,1.2232720224379115e-06,0.35197343596709685,0.002490378084672855
2022-04-26,259140477,9739,5879141,156163,2.2227326532242203e-06,0.41667522332888385,0.003080398398192833
2022-04-27,259139860,9142,5880319,156199,2.3809536672590624e-06,0.12885583023408445,0.003937869175235178
2022-04-28,259139448,8365,5881490,156217,1.589877585908881e-06,0.13998804542737597,0.0021518230723251643
2022-04-29,259139053,8165,5882062,156240,1.5242781642796233e-06,0.07005511328842622,0.0028169014084507044
2022-04-30,259138724,7879,5882660,156257,1.269590260080157e-06,0.07589795659347633,0.002157634217540297
2022-05-01,259138480,7474,5883293,156273,9.415815049930061e-07,0.08469360449558469,0.0021407546160021407
2022-05-02,259138312,7257,5883664,156287,6.483024401270315e-07,0.05112305360341739,0.0019291718340912222
2022-05-03,259138205,6951,5884059,156305,4.1290708176357094e-07,0.056826355920011506,0.002589555459646094
2022-05-04,259138029,6845,5884325,156321,6.791747266087294e-07,0.03886048210372535,0.002337472607742878
2022-05-05,259137779,6631,5884770,156340,9.647377582872623e-07,0.06710903332830644,0.0028653295128939827
2022-05-06,259137534,6530,5885099,156357,9.454438969848343e-07,0.05038284839203675,0.0026033690658499235
2022-05-07,259137316,6427,5885406,156371,8.412528282881498e-07,0.04776723199004201,0.002178310253617551
2022-05-08,259137089,6192,5885858,156381,8.759842169871716e-07,0.07299741602067183,0.001614987080103359
2022-05-09,259136835,6078,5886211,156396,9.801771330579075e-07,0.05807831523527476,0.0024679170779861796
2022-05-10,259136379,5855,5886870,156416,1.759691177902891e-06,0.1125533731853117,0.0034158838599487617
2022-05-11,259135979,5331,5887786,156424,1.5435911352163105e-06,0.17182517351341212,0.0015006565372350403
2022-05-12,259135644,4867,5888571,156438,1.29275924696797e-06,0.16129032258064516,0.0028765153071707416
2022-05-13,259135309,4938,5888825,156448,1.2927609181966013e-06,0.051437829080599434,0.002025111381125962
2022-05-14,259135001,4825,5889241,156453,1.188569659873928e-06,0.08621761658031088,0.0010362694300518134
2022-05-15,259134744,4784,5889534,156458,9.917620309532865e-07,0.06124581939799331,0.0010451505016722408
2022-05-16,259134562,4697,5889797,156464,7.023378070270688e-07,0.05599318714072812,0.0012774111134766872
2022-05-17,259134315,3898,5890826,156481,9.531736466472995e-07,0.2639815289892252,0.004361210877373012
2022-05-18,259133988,3844,5891190,156498,1.2618954484658338e-06,0.09469302809573361,0.004422476586888657
2022-05-19,259133670,3766,5891574,156510,1.227165887011132e-06,0.10196494954859267,0.003186404673393521
2022-05-20,259133420,3715,5891872,156513,9.647539865757184e-07,0.08021534320323015,0.0008075370121130552
2022-05-21,259133157,3718,5892126,156519,1.014922223943731e-06,0.06831629908552986,0.0016137708445400753
2022-05-22,259132930,3657,5892411,156522,8.759982762514977e-07,0.07793273174733388,0.0008203445447087777
2022-05-23,259132756,2890,5893340,156534,6.714704952236914e-07,0.3214532871972318,0.004152249134948097
2022-05-24,259132411,2933,5893628,156548,1.3313656854757547e-06,0.09819297647459939,0.00477326968973747
2022-05-25,259132096,3011,5893860,156553,1.2155962339763578e-06,0.07705081368316175,0.0016605778811026237
2022-05-26,259131850,3011,5894103,156556,9.493236744151674e-07,0.08070408502158752,0.0009963467286615742
2022-05-27,259131626,2949,5894380,156565,8.644255564544638e-07,0.09393014581213971,0.003051881993896236
2022-05-28,259131347,2972,5894628,156573,1.0766740621311247e-06,0.08344549125168237,0.0026917900403768506
2022-05-29,259131105,2952,5894889,156574,9.338902020272711e-07,0.08841463414634146,0.00033875338753387534
2022-05-30,259130887,2871,5895176,156586,8.412736996497063e-07,0.09996516893068617,0.0041797283176593526
2022-05-31,259130547,2959,5895423,156591,1.312079968711678e-06,0.0834741466711727,0.0016897600540723217
2022-06-01,259130179,3141,5895606,156594,1.4201356299761597e-06,0.05826170009551098,0.0009551098376313276
2022-06-02,259129875,3105,5895940,156600,1.173156896710578e-06,0.1075684380032206,0.001932367149758454
2022-06-03,259129503,3123,5896290,156604,1.4355756318492226e-06,0.11207172590457894,0.001280819724623759
2022-06-04,259129108,3254,5896548,156610,1.5243366638687306e-06,0.07928703134603565,0.0018438844499078057
2022-06-05,259128720,3433,5896752,156615,1.4973253447167107e-06,0.05942324497524031,0.0014564520827264782
2022-06-06,259128378,3498,5897022,156622,1.3198091333709503e-06,0.07718696397941681,0.002001143510577473
2022-06-07,259127860,3664,5897372,156624,1.999013151268258e-06,0.09552401746724891,0.0005458515283842794
2022-06-08,259127340,3922,5897630,156628,2.0067353757422896e-06,0.06578276389597144,0.0010198878123406426
2022-06-09,259126784,4061,5898040,156635,2.1456678133280115e-06,0.10096035459246491,0.0017237133710908644
2022-06-10,259126157,4341,5898384,156638,2.4196708169449676e-06,0.0792444137295554,0.000691085003455425
2022-06-11,259125583,4538,5898758,156641,2.215142145960941e-06,0.08241516086381666,0.0006610841780520053
2022-06-12,259125032,4734,5899111,156643,2.1263866163265924e-06,0.07456696239966203,0.0004224757076468103
2022-06-13,259124441,4926,5899501,156652,2.2807574527483494e-06,0.07917174177831912,0.0018270401948842874
2022-06-14,259123511,5298,5900049,156662,3.589022070637195e-06,0.10343525858814646,0.001887504718761797
2022-06-15,259122269,6007,5900574,156670,4.793104061619652e-06,0.08739803562510405,0.001331779590477776
2022-06-16,259121096,6668,5901083,156673,4.52684099483741e-06,0.07633473305338932,0.00044991001799640074
2022-06-17,259119876,7326,5901639,156679,4.708245538061311e-06,0.07589407589407589,0.000819000819000819
2022-06-18,259118612,8062,5902162,156684,4.878074910342604e-06,0.06487224013892334,0.0006201935003721161
2022-06-19,259117445,8594,5902794,156687,4.503749255477569e-06,0.07353967884570631,0.0003490807540144287
2022-06-20,259116265,9099,5903461,156695,4.553940293944882e-06,0.07330475876469941,0.0008792174964281789
2022-06-21,259114587,10095,5904138,156700,6.475899405848579e-06,0.06706290242694403,0.0004952947003467063
2022-06-22,259112602,11391,5904825,156702,7.660762096009518e-06,0.06031077166183829,0.00017557721007813187
2022-06-23,259110695,12148,5905971,156706,7.3597888346523096e-06,0.09433651629897925,0.00032927230819888045
2022-06-24,259108626,13214,5906969,156711,7.985068007732017e-06,0.07552595731799606,0.00037838655970939914
2022-06-25,259106795,13968,5908043,156714,7.066584263064194e-06,0.07689003436426117,0.0002147766323024055
2022-06-26,259105069,14516,5909218,156717,6.661390325790963e-06,0.08094516395701296,0.00020666850372003307
2022-06-27,259103624,14315,5910855,156726,5.5769192946525515e-06,0.11435557107928745,0.000628711142158575
2022-06-28,259101457,15310,5912025,156728,8.363519159986815e-06,0.07642064010450686,0.00013063357282821686
2022-06-29,259099308,16174,5913307,156731,8.294117095827982e-06,0.07926301471497466,0.0001854828737479906
2022-06-30,259097060,16790,5914933,156737,8.67628525001403e-06,0.09684335914234664,0.00035735556879094697
2022-07-01,259095011,16915,5916854,156740,7.908295849046665e-06,0.1135678391959799,0.00017735737511084836
2022-07-02,259093217,16915,5918643,156745,6.924148847941473e-06,0.10576411469110257,0.0002955956251847473
2022-07-03,259091603,16919,5920249,156749,6.229457000194638e-06,0.0949228677817838,0.00023642059223358353
2022-07-04,259090169,16476,5922117,156758,5.534752652077663e-06,0.11337703326050012,0.0005462490895848507
2022-07-05,259087592,17354,5923808,156766,9.946443131865613e-06,0.09744151204333294,0.00046098882102109026
2022-07-06,259084849,18048,5925853,156770,1.0587265178134751e-05,0.11330895390070922,0.00022163120567375886
2022-07-07,259081968,19046,5927730,156776,1.1120032869288688e-05,0.09855087682453008,0.0003150267772760685
2022-07-08,259079496,19127,5930116,156781,9.541472938483715e-06,0.12474512469284257,0.00026141057144350916
2022-07-09,259076791,19855,5932089,156785,1.0440919812072244e-05,0.0993704356585243,0.0002014605892722236
2022-07-10,259074215,20535,5933979,156791,9.943096807221823e-06,0.09203798392987582,0.00029218407596785974
2022-07-11,259072534,20343,5935845,156798,6.488530351117807e-06,0.09172688394042176,0.0003440987071720002
2022-07-12,259069173,21916,5937625,156806,1.297336908548359e-05,0.08121920058404819,0.0003650301149844862
2022-07-13,259065351,23787,5939564,156818,1.4753034264315802e-05,0.08151511329717913,0.0005044772354647496
2022-07-14,259061767,24490,5942436,156827,1.3834538540764296e-05,0.11727235606369947,0.00036749693752552063
2022-07-15,259058436,24973,5945278,156833,1.2858102795000276e-05,0.11380290713971089,0.00024025948023865775
2022-07-16,259054107,26594,5947980,156839,1.6710794706682647e-05,0.1016018650823494,0.00022561480033090172
2022-07-17,259050567,27550,5950554,156849,1.366528566602211e-05,0.09343012704174229,0.0003629764065335753
2022-07-18,259047174,28506,5952981,156859,1.3098000443733851e-05,0.08513997053251947,0.00035080333964779346
2022-07-19,259042089,30989,5955577,156865,1.9630014642137942e-05,0.0837716609119365,0.00019361708993513826
2022-07-20,259036436,34301,5957908,156875,2.1823184750735223e-05,0.06795720241392379,0.000291536689892423
2022-07-21,259031026,36781,5960833,156880,2.0885528979065233e-05,0.07952475462874854,0.00013593975150213424
2022-07-22,259026192,38239,5964196,156893,1.866220540353695e-05,0.08794686053505583,0.00033996704934752476
2022-07-23,259021249,39065,5968304,156902,1.908337643758331e-05,0.10515806988352745,0.000230385255343658
2022-07-24,259017178,40452,5970988,156902,1.571710429182423e-05,0.0663502422624345,0.0
2022-07-25,259013130,40463,5975011,156916,1.5628551340235145e-05,0.09942416528680523,0.0003459951066406347
2022-07-26,259006647,43422,5978522,156929,2.5030245652344203e-05,0.08085762977292617,0.0002993874073050527
2022-07-27,259000209,46024,5982347,156940,2.4857122798692414e-05,0.08310881279332522,0.0002390057361376673
2022-07-28,258993856,46655,5988052,156957,2.452953941888104e-05,0.12228057014253563,0.0003643768084878362
2022-07-29,258988025,47988,5992537,156970,2.2514554485675543e-05,0.09346086521630408,0.00027090105859798284
2022-07-30,258982627,49105,5996805,156983,2.084309693869929e-05,0.08691579268913553,0.00026473882496690765
2022-07-31,258978422,48703,6001402,156993,1.623687397400236e-05,0.09438843603063467,0.00020532616060612283
2022-08-01,258974726,47809,6005981,157004,1.427166294212046e-05,0.09577694576335,0.0002300822020958397
2022-08-02,258968899,49048,6010545,157028,2.250077141502617e-05,0.09305170445278095,0.0004893165878323275
2022-08-03,258962732,50857,6014885,157046,2.3814237486496705e-05,0.08533731836325383,0.000353933578465108
2022-08-04,258956205,50706,6021549,157060,2.5205034187151452e-05,0.13142428903877254,0.0002761014475604465
2022-08-05,258950276,50300,6027872,157072,2.289628762550537e-05,0.12570576540755468,0.0002385685884691849
2022-08-06,258944821,50895,6032722,157082,2.1066264152083583e-05,0.09529423322526771,0.00019648295510364477
2022-08-07,258940542,50145,6037738,157095,1.6525029131977333e-05,0.10002991325157044,0.0002592481802771961
2022-08-08,258936117,49633,6042657,157113,1.7089157168445527e-05,0.09910744867326174,0.0003626619386295408
2022-08-09,258929841,51041,6047507,157131,2.4238225983385207e-05,0.09502164926235772,0.0003526576673654513
2022-08-10,258923915,52043,6052413,157149,2.288703227741632e-05,0.09426820129508291,0.00034586784005533885
2022-08-11,258918383,52729,6057237,157171,2.1365806227825857e-05,0.09148665819567979,0.0004172277115060024
2022-08-12,258912292,53576,6062463,157189,2.3525341160704724e-05,0.09754367627295804,0.0003359713304464686
2022-08-13,258907188,53606,6067518,157208,1.971362803569594e-05,0.09429914561802784,0.00035443793605193446
2022-08-14,258902746,53127,6072421,157226,1.7157021579060423e-05,0.09228829032318783,0.000338810774182619
2022-08-15,258899158,52181,6076929,157252,1.3858677748191055e-05,0.08639159847454055,0.0004982656522489029
2022-08-16,258893289,52222,6082732,157277,2.2669571786389564e-05,0.111121749454253,0.00047872544138485694
2022-08-17,258888036,53132,6087056,157296,2.0290624785766462e-05,0.08138221787246856,0.0003575999397726417
2022-08-18,258883997,51900,6092306,157317,1.5601582356595027e-05,0.10115606936416185,0.0004046242774566474
2022-08-19,258878834,52009,6097334,157343,1.994369304058284e-05,0.09667557538118403,0.0004999134765136803
2022-08-20,258873912,52607,6101636,157365,1.9013117088445746e-05,0.08177618948048739,0.0004181952972037942
2022-08-21,258869963,50500,6107680,157377,1.5254763257334725e-05,0.11968316831683168,0.00023762376237623762
2022-08-22,258866663,48803,6112658,157396,1.2747875534672459e-05,0.10200192611109973,0.0003893203286683196
2022-08-23,258861805,48503,6117792,157420,1.876677016912557e-05,0.1058491227346762,0.0004948147537265737
2022-08-24,258856377,48363,6123342,157438,2.096915696227951e-05,0.11475714906023199,0.0003721853483034551
2022-08-25,258851163,47778,6129122,157457,2.0142849425791455e-05,0.12097618150613253,0.00039767256896479554
2022-08-26,258846614,46548,6134880,157478,1.7574114374932483e-05,0.1237002663916817,0.0004511472028873421
2022-08-27,258842444,48189,6137394,157493,1.61101863185931e-05,0.052169582269812616,0.00031127435721845236
2022-08-28,258839216,46366,6142438,157500,1.2471062344741455e-05,0.1087866108786611,0.0001509726955096407
2022-08-29,258836345,44514,6147140,157521,1.10919507845778e-05,0.10562968953587636,0.0004717616929505324
2022-08-30,258831275,45054,6151650,157541,1.958805016897591e-05,0.10010209970257913,0.0004439117503440316
2022-08-31,258826712,45208,6156034,157566,1.7629555947842047e-05,0.09697398690497257,0.0005529994691205097
2022-09-01,258822618,44434,6160877,157591,1.581778297289304e-05,0.10899311338164469,0.0005626322185713642
2022-09-02,258819002,43582,6165328,157608,1.3971153478136046e-05,0.10212931944380707,0.00039006929466293424
2022-09-03,258815742,42817,6169330,157631,1.2595833525458431e-05,0.09346754793656725,0.000537169815727398
2022-09-04,258812978,41814,6173081,157647,1.0679526279397009e-05,0.08970679676663318,0.0003826469603482087
2022-09-05,258810638,39689,6177525,157668,9.04135942047328e-06,0.1119705711910101,0.0005291138602635491
2022-09-06,258807031,38132,6182661,157696,1.393702476344238e-05,0.1346900241267177,0.0007342914087905172
2022-09-07,258803518,38119,6186166,157717,1.3574004044257234e-05,0.09194889687557387,0.0005509063721503712
2022-09-08,258800380,37804,6189607,157729,1.2125175395801197e-05,0.09102211406200401,0.0003174267273304412
2022-09-09,258797576,35250,6194953,157741,1.0834722810541316e-05,0.15165957446808512,0.00034042553191489364
2022-09-10,258794967,34745,6198051,157757,1.0081339796689323e-05,0.08916390847603972,0.00046049791336883004
2022-09-11,258793028,33946,6200776,157770,7.492473869891117e-06,0.08027455370293997,0.0003829611736287044
2022-09-12,258791180,32312,6204241,157787,7.140892514188467e-06,0.10723570190641248,0.0005261203268135677
2022-09-13,258788284,31571,6207858,157807,1.1190614796147417e-05,0.11456716607012765,0.0006334927623451902
2022-09-14,258785485,30411,6211796,157828,1.0815908009678364e-05,0.12949261780276874,0.000690539607378909
2022-09-15,258782834,29126,6215711,157849,1.0244110704808187e-05,0.1344159857172286,0.0007210052873721074
2022-09-16,258780476,28460,6218708,157876,9.111970255437662e-06,0.10530569219957836,0.0009486999297259311
